,TF,Target,Label
0,2,680,1
1,2,218,1
2,15,609,1
3,15,185,1
4,15,326,1
5,15,110,1
6,15,186,1
7,15,524,1
8,15,698,1
9,15,153,1
10,15,155,1
11,15,343,1
12,15,565,1
13,15,258,1
14,15,220,1
15,15,263,1
16,15,590,1
17,15,620,1
18,15,490,1
19,15,482,1
20,15,372,1
21,15,687,1
22,15,82,1
23,15,548,1
24,15,442,1
25,15,95,1
26,21,509,1
27,21,56,1
28,21,611,1
29,21,335,1
30,21,201,1
31,21,92,1
32,21,93,1
33,21,686,1
34,21,203,1
35,21,18,1
36,21,257,1
37,21,137,1
38,21,516,1
39,21,672,1
40,21,247,1
41,21,404,1
42,21,356,1
43,21,41,1
44,21,408,1
45,21,54,1
46,21,453,1
47,21,244,1
48,21,597,1
49,21,144,1
50,21,364,1
51,21,385,1
52,21,586,1
53,21,477,1
54,21,458,1
55,21,454,1
56,21,599,1
57,21,79,1
58,21,39,1
59,29,48,1
60,29,545,1
61,33,427,1
62,33,330,1
63,33,359,1
64,33,37,1
65,33,477,1
66,33,282,1
67,33,602,1
68,33,115,1
69,33,459,1
70,37,477,1
71,39,161,1
72,39,70,1
73,39,479,1
74,39,395,1
75,39,92,1
76,39,459,1
77,48,34,1
78,48,482,1
79,48,29,1
80,48,352,1
81,48,203,1
82,48,640,1
83,48,524,1
84,48,224,1
85,48,293,1
86,48,395,1
87,48,609,1
88,48,100,1
89,48,82,1
90,48,21,1
91,57,516,1
92,57,127,1
93,57,668,1
94,58,545,1
95,59,20,1
96,59,326,1
97,59,30,1
98,59,129,1
99,59,352,1
100,59,508,1
101,59,657,1
102,59,592,1
103,59,6,1
104,59,268,1
105,59,150,1
106,59,482,1
107,59,240,1
108,59,507,1
109,59,308,1
110,59,106,1
111,59,43,1
112,59,683,1
113,59,652,1
114,59,664,1
115,59,91,1
116,59,395,1
117,59,22,1
118,59,178,1
119,59,153,1
120,59,242,1
121,59,103,1
122,59,418,1
123,59,682,1
124,59,391,1
125,62,533,1
126,62,31,1
127,67,556,1
128,70,11,1
129,72,395,1
130,72,210,1
131,72,511,1
132,79,203,1
133,79,21,1
134,79,652,1
135,79,463,1
136,79,511,1
137,79,174,1
138,79,616,1
139,79,100,1
140,79,39,1
141,79,439,1
142,82,565,1
143,82,232,1
144,82,620,1
145,82,699,1
146,82,253,1
147,82,230,1
148,82,285,1
149,82,293,1
150,82,389,1
151,82,482,1
152,82,213,1
153,82,667,1
154,82,186,1
155,82,548,1
156,82,590,1
157,82,95,1
158,82,31,1
159,82,442,1
160,82,524,1
161,82,609,1
162,82,326,1
163,82,185,1
164,82,372,1
165,82,490,1
166,92,352,1
167,92,257,1
168,92,335,1
169,92,592,1
170,92,21,1
171,92,137,1
172,92,201,1
173,92,255,1
174,92,93,1
175,92,56,1
176,92,454,1
177,92,463,1
178,92,203,1
179,92,282,1
180,92,599,1
181,92,664,1
182,92,54,1
183,92,502,1
184,92,685,1
185,92,408,1
186,92,363,1
187,100,33,1
188,100,262,1
189,100,672,1
190,100,174,1
191,100,224,1
192,100,310,1
193,100,459,1
194,100,189,1
195,100,203,1
196,100,48,1
197,100,128,1
198,100,629,1
199,100,556,1
200,100,503,1
201,100,21,1
202,100,416,1
203,100,179,1
204,100,657,1
205,100,691,1
206,100,492,1
207,100,401,1
208,100,54,1
209,100,453,1
210,100,311,1
211,100,586,1
212,100,18,1
213,100,199,1
214,100,30,1
215,100,123,1
216,100,275,1
217,100,616,1
218,100,79,1
219,100,484,1
220,106,502,1
221,109,564,1
222,118,680,1
223,118,556,1
224,118,109,1
225,118,133,1
226,118,10,1
227,119,342,1
228,119,430,1
229,119,299,1
230,119,576,1
231,125,363,1
232,127,21,1
233,137,458,1
234,139,640,1
235,139,158,1
236,139,352,1
237,139,226,1
238,139,359,1
239,145,425,1
240,149,282,1
241,149,502,1
242,149,514,1
243,149,458,1
244,173,39,1
245,173,280,1
246,173,30,1
247,173,48,1
248,173,494,1
249,173,284,1
250,173,287,1
251,173,49,1
252,173,511,1
253,173,209,1
254,173,392,1
255,173,268,1
256,173,453,1
257,173,443,1
258,173,686,1
259,173,671,1
260,173,581,1
261,173,214,1
262,173,162,1
263,173,539,1
264,173,61,1
265,173,508,1
266,173,330,1
267,173,91,1
268,173,207,1
269,173,531,1
270,177,32,1
271,177,632,1
272,177,221,1
273,177,342,1
274,190,185,1
275,190,471,1
276,199,79,1
277,199,48,1
278,199,640,1
279,199,404,1
280,201,459,1
281,201,189,1
282,201,686,1
283,201,363,1
284,201,400,1
285,201,164,1
286,201,457,1
287,201,361,1
288,201,444,1
289,201,21,1
290,201,58,1
291,201,397,1
292,201,93,1
293,201,92,1
294,201,563,1
295,201,210,1
296,201,556,1
297,201,334,1
298,201,132,1
299,201,635,1
300,201,404,1
301,201,590,1
302,201,359,1
303,201,352,1
304,201,494,1
305,201,435,1
306,201,203,1
307,201,176,1
308,201,271,1
309,201,406,1
310,203,255,1
311,203,518,1
312,209,352,1
313,209,393,1
314,209,668,1
315,211,275,1
316,224,62,1
317,224,311,1
318,224,425,1
319,224,282,1
320,224,533,1
321,224,511,1
322,224,275,1
323,224,100,1
324,224,149,1
325,230,343,1
326,230,372,1
327,230,620,1
328,230,157,1
329,230,31,1
330,230,667,1
331,230,640,1
332,230,524,1
333,230,213,1
334,230,82,1
335,230,565,1
336,230,482,1
337,230,442,1
338,230,153,1
339,230,220,1
340,230,347,1
341,230,285,1
342,230,490,1
343,230,389,1
344,230,258,1
345,230,186,1
346,230,232,1
347,244,359,1
348,245,483,1
349,245,153,1
350,245,609,1
351,245,213,1
352,245,353,1
353,245,274,1
354,245,26,1
355,245,95,1
356,247,199,1
357,259,100,1
358,259,224,1
359,259,93,1
360,271,696,1
361,273,501,1
362,275,224,1
363,275,602,1
364,282,149,1
365,282,640,1
366,282,92,1
367,284,456,1
368,287,325,1
369,293,442,1
370,293,372,1
371,293,230,1
372,293,471,1
373,293,258,1
374,293,609,1
375,293,263,1
376,293,213,1
377,293,285,1
378,293,253,1
379,293,82,1
380,293,153,1
381,293,675,1
382,293,667,1
383,293,15,1
384,293,490,1
385,293,110,1
386,293,640,1
387,293,232,1
388,293,326,1
389,293,389,1
390,293,186,1
391,293,157,1
392,293,347,1
393,299,119,1
394,300,684,1
395,300,426,1
396,305,34,1
397,325,330,1
398,325,287,1
399,325,137,1
400,325,139,1
401,330,325,1
402,352,355,1
403,352,698,1
404,352,177,1
405,352,484,1
406,352,529,1
407,352,502,1
408,352,41,1
409,352,0,1
410,352,48,1
411,352,29,1
412,352,2,1
413,352,135,1
414,352,271,1
415,352,117,1
416,352,92,1
417,352,118,1
418,352,211,1
419,352,682,1
420,352,189,1
421,352,120,1
422,352,659,1
423,352,24,1
424,352,287,1
425,352,609,1
426,352,229,1
427,352,610,1
428,352,185,1
429,352,354,1
430,352,639,1
431,352,534,1
432,352,668,1
433,352,199,1
434,352,197,1
435,352,376,1
436,352,206,1
437,352,237,1
438,352,699,1
439,352,325,1
440,352,498,1
441,352,562,1
442,352,478,1
443,352,678,1
444,352,280,1
445,352,275,1
446,352,463,1
447,352,664,1
448,352,159,1
449,352,201,1
450,353,512,1
451,353,507,1
452,353,372,1
453,353,258,1
454,353,609,1
455,353,117,1
456,353,647,1
457,353,555,1
458,353,640,1
459,353,341,1
460,353,483,1
461,353,95,1
462,359,139,1
463,359,352,1
464,359,244,1
465,364,481,1
466,364,426,1
467,364,684,1
468,364,395,1
469,369,624,1
470,375,201,1
471,375,659,1
472,375,133,1
473,395,497,1
474,395,48,1
475,395,149,1
476,395,91,1
477,404,364,1
478,404,259,1
479,404,203,1
480,406,313,1
481,406,532,1
482,406,610,1
483,406,140,1
484,406,213,1
485,406,562,1
486,406,118,1
487,406,685,1
488,406,632,1
489,406,245,1
490,406,281,1
491,406,700,1
492,406,695,1
493,406,331,1
494,406,681,1
495,406,177,1
496,406,26,1
497,406,112,1
498,406,95,1
499,406,201,1
500,406,356,1
501,406,529,1
502,406,32,1
503,406,253,1
504,406,687,1
505,406,498,1
506,406,293,1
507,406,224,1
508,406,151,1
509,406,636,1
510,406,668,1
511,406,28,1
512,406,455,1
513,406,308,1
514,406,91,1
515,406,65,1
516,406,211,1
517,406,332,1
518,406,542,1
519,406,484,1
520,406,538,1
521,406,197,1
522,406,626,1
523,406,142,1
524,406,31,1
525,406,462,1
526,406,120,1
527,406,621,1
528,406,336,1
529,406,135,1
530,406,383,1
531,406,344,1
532,406,16,1
533,406,67,1
534,406,131,1
535,406,248,1
536,406,34,1
537,406,698,1
538,409,592,1
539,409,352,1
540,409,443,1
541,409,39,1
542,409,523,1
543,409,689,1
544,409,81,1
545,409,668,1
546,409,633,1
547,409,534,1
548,409,209,1
549,409,649,1
550,425,624,1
551,425,145,1
552,425,685,1
553,425,518,1
554,425,435,1
555,426,481,1
556,426,364,1
557,430,593,1
558,433,456,1
559,435,611,1
560,435,516,1
561,435,315,1
562,435,617,1
563,435,685,1
564,435,642,1
565,435,233,1
566,435,128,1
567,435,590,1
568,435,518,1
569,439,179,1
570,439,595,1
571,439,408,1
572,439,255,1
573,439,137,1
574,439,111,1
575,439,92,1
576,439,678,1
577,439,509,1
578,439,551,1
579,439,491,1
580,439,79,1
581,439,100,1
582,453,100,1
583,456,597,1
584,456,494,1
585,456,80,1
586,456,284,1
587,456,567,1
588,456,515,1
589,458,520,1
590,458,409,1
591,458,274,1
592,458,210,1
593,458,556,1
594,458,587,1
595,458,414,1
596,458,514,1
597,458,404,1
598,458,609,1
599,458,589,1
600,458,196,1
601,458,244,1
602,458,629,1
603,458,9,1
604,458,347,1
605,458,280,1
606,458,214,1
607,458,415,1
608,477,668,1
609,477,459,1
610,477,427,1
611,477,248,1
612,477,37,1
613,477,189,1
614,477,33,1
615,477,602,1
616,477,330,1
617,481,426,1
618,481,364,1
619,481,201,1
620,482,230,1
621,482,590,1
622,482,293,1
623,482,640,1
624,482,565,1
625,482,285,1
626,482,667,1
627,482,442,1
628,482,263,1
629,482,372,1
630,482,82,1
631,482,698,1
632,482,471,1
633,482,95,1
634,482,675,1
635,482,48,1
636,482,687,1
637,482,620,1
638,482,258,1
639,482,389,1
640,482,157,1
641,482,343,1
642,482,253,1
643,482,213,1
644,494,684,1
645,494,523,1
646,494,456,1
647,497,395,1
648,501,500,1
649,502,79,1
650,502,395,1
651,502,34,1
652,511,224,1
653,511,502,1
654,511,62,1
655,516,21,1
656,516,622,1
657,516,458,1
658,516,180,1
659,516,560,1
660,516,538,1
661,516,38,1
662,516,57,1
663,516,42,1
664,516,29,1
665,516,91,1
666,518,425,1
667,518,685,1
668,518,29,1
669,518,203,1
670,523,458,1
671,523,39,1
672,523,201,1
673,523,554,1
674,523,592,1
675,523,524,1
676,523,259,1
677,523,22,1
678,523,149,1
679,523,199,1
680,523,478,1
681,524,31,1
682,524,389,1
683,524,274,1
684,524,556,1
685,524,512,1
686,524,155,1
687,524,82,1
688,524,185,1
689,524,650,1
690,524,666,1
691,524,482,1
692,524,548,1
693,532,284,1
694,533,62,1
695,533,224,1
696,537,640,1
697,550,516,1
698,554,456,1
699,556,281,1
700,556,118,1
701,556,421,1
702,556,624,1
703,556,67,1
704,556,524,1
705,561,696,1
706,562,32,1
707,562,659,1
708,566,106,1
709,567,425,1
710,569,201,1
711,575,79,1
712,576,119,1
713,583,530,1
714,588,119,1
715,589,319,1
716,589,106,1
717,589,504,1
718,589,223,1
719,589,532,1
720,589,430,1
721,589,181,1
722,589,325,1
723,589,455,1
724,589,354,1
725,589,351,1
726,589,209,1
727,589,127,1
728,589,92,1
729,589,601,1
730,589,260,1
731,589,182,1
732,589,523,1
733,589,581,1
734,589,360,1
735,589,460,1
736,589,459,1
737,589,562,1
738,589,542,1
739,589,492,1
740,593,430,1
741,605,576,1
742,605,588,1
743,611,518,1
744,611,642,1
745,611,435,1
746,614,84,1
747,614,218,1
748,614,680,1
749,618,118,1
750,620,687,1
751,620,442,1
752,620,482,1
753,620,230,1
754,620,110,1
755,620,395,1
756,620,372,1
757,620,258,1
758,620,675,1
759,620,667,1
760,620,15,1
761,620,609,1
762,620,253,1
763,623,614,1
764,623,599,1
765,624,623,1
766,624,369,1
767,624,680,1
768,628,533,1
769,636,161,1
770,636,127,1
771,636,210,1
772,636,640,1
773,636,395,1
774,636,479,1
775,636,642,1
776,642,611,1
777,642,518,1
778,642,425,1
779,650,565,1
780,650,155,1
781,650,157,1
782,652,428,1
783,664,482,1
784,664,395,1
785,664,363,1
786,664,657,1
787,668,393,1
788,668,209,1
789,680,218,1
790,680,624,1
791,680,628,1
792,680,109,1
793,680,2,1
794,680,342,1
795,680,623,1
796,684,494,1
797,684,364,1
798,684,523,1
799,692,224,1
800,692,402,1
801,696,271,1
802,588,30,0
803,375,378,0
804,209,445,0
805,426,297,0
806,353,371,0
807,245,538,0
808,425,543,0
809,149,44,0
810,494,318,0
811,246,59,0
812,149,109,0
813,511,684,0
814,259,272,0
815,149,397,0
816,59,44,0
817,199,430,0
818,190,383,0
819,425,227,0
820,439,396,0
821,299,667,0
822,126,102,0
823,244,702,0
824,67,616,0
825,245,390,0
826,244,80,0
827,369,479,0
828,599,528,0
829,37,651,0
830,177,4,0
831,666,631,0
832,299,349,0
833,245,255,0
834,62,32,0
835,137,26,0
836,242,314,0
837,425,454,0
838,575,15,0
839,684,657,0
840,481,614,0
841,612,21,0
842,583,564,0
843,612,527,0
844,481,29,0
845,562,699,0
846,599,624,0
847,325,86,0
848,439,488,0
849,62,296,0
850,106,483,0
851,435,372,0
852,593,415,0
853,199,238,0
854,533,346,0
855,369,359,0
856,109,632,0
857,177,166,0
858,127,603,0
859,425,702,0
860,21,532,0
861,425,497,0
862,273,252,0
863,173,130,0
864,201,128,0
865,311,284,0
866,624,145,0
867,300,566,0
868,433,381,0
869,119,295,0
870,58,65,0
871,611,318,0
872,244,652,0
873,534,486,0
874,70,323,0
875,70,176,0
876,556,480,0
877,311,386,0
878,567,625,0
879,425,236,0
880,537,377,0
881,569,418,0
882,524,599,0
883,612,125,0
884,8,320,0
885,177,421,0
886,502,436,0
887,511,390,0
888,680,447,0
889,70,67,0
890,532,340,0
891,664,644,0
892,532,318,0
893,628,483,0
894,369,228,0
895,498,284,0
896,282,370,0
897,33,262,0
898,622,144,0
899,201,215,0
900,518,670,0
901,406,615,0
902,137,489,0
903,537,45,0
904,623,152,0
905,325,102,0
906,518,335,0
907,364,100,0
908,650,486,0
909,79,560,0
910,245,539,0
911,173,68,0
912,209,299,0
913,605,405,0
914,59,82,0
915,238,232,0
916,299,504,0
917,623,434,0
918,119,308,0
919,430,283,0
920,533,111,0
921,149,686,0
922,692,65,0
923,516,244,0
924,547,481,0
925,2,684,0
926,652,592,0
927,566,579,0
928,244,316,0
929,583,453,0
930,352,214,0
931,409,479,0
932,533,490,0
933,149,28,0
934,561,683,0
935,459,333,0
936,287,202,0
937,246,179,0
938,411,616,0
939,587,114,0
940,680,245,0
941,247,554,0
942,58,203,0
943,668,686,0
944,556,424,0
945,375,49,0
946,434,381,0
947,100,693,0
948,245,488,0
949,287,702,0
950,293,214,0
951,238,562,0
952,145,341,0
953,569,307,0
954,15,164,0
955,149,358,0
956,247,379,0
957,411,487,0
958,696,579,0
959,238,267,0
960,395,554,0
961,439,690,0
962,375,265,0
963,201,36,0
964,301,426,0
965,37,691,0
966,325,636,0
967,439,39,0
968,402,596,0
969,583,168,0
970,106,109,0
971,109,521,0
972,612,131,0
973,623,325,0
974,305,10,0
975,477,390,0
976,271,562,0
977,211,454,0
978,364,653,0
979,48,250,0
980,628,48,0
981,497,603,0
982,599,576,0
983,547,526,0
984,125,553,0
985,652,456,0
986,636,7,0
987,149,347,0
988,481,44,0
989,275,423,0
990,402,537,0
991,664,12,0
992,60,191,0
993,2,452,0
994,145,88,0
995,125,1,0
996,2,304,0
997,481,307,0
998,481,358,0
999,481,447,0
1000,177,521,0
1001,15,100,0
1002,58,107,0
1003,247,200,0
1004,190,105,0
1005,199,548,0
1006,575,147,0
1007,149,613,0
1008,352,86,0
1009,628,267,0
1010,430,145,0
1011,502,470,0
1012,508,155,0
1013,37,447,0
1014,79,61,0
1015,406,144,0
1016,177,614,0
1017,275,167,0
1018,375,93,0
1019,518,562,0
1020,636,105,0
1021,435,205,0
1022,566,321,0
1023,556,58,0
1024,59,64,0
1025,433,458,0
1026,330,615,0
1027,42,578,0
1028,364,344,0
1029,537,525,0
1030,482,374,0
1031,137,620,0
1032,37,610,0
1033,628,683,0
1034,547,203,0
1035,62,258,0
1036,547,565,0
1037,456,33,0
1038,497,253,0
1039,194,117,0
1040,100,539,0
1041,359,29,0
1042,628,266,0
1043,614,122,0
1044,109,373,0
1045,502,144,0
1046,60,257,0
1047,534,242,0
1048,434,260,0
1049,589,629,0
1050,636,678,0
1051,70,450,0
1052,305,599,0
1053,353,557,0
1054,48,541,0
1055,194,591,0
1056,395,372,0
1057,79,289,0
1058,409,115,0
1059,238,455,0
1060,37,609,0
1061,453,91,0
1062,100,67,0
1063,576,152,0
1064,246,221,0
1065,275,365,0
1066,199,230,0
1067,569,338,0
1068,92,25,0
1069,501,249,0
1070,501,661,0
1071,259,331,0
1072,589,33,0
1073,100,10,0
1074,402,269,0
1075,588,158,0
1076,246,163,0
1077,547,295,0
1078,623,443,0
1079,311,478,0
1080,70,295,0
1081,58,504,0
1082,511,333,0
1083,311,499,0
1084,8,49,0
1085,177,18,0
1086,57,566,0
1087,516,305,0
1088,224,472,0
1089,238,308,0
1090,433,217,0
1091,352,110,0
1092,684,153,0
1093,502,479,0
1094,426,472,0
1095,301,459,0
1096,497,578,0
1097,588,215,0
1098,532,574,0
1099,561,278,0
1100,273,632,0
1101,611,493,0
1102,299,33,0
1103,224,402,0
1104,523,284,0
1105,605,283,0
1106,680,93,0
1107,72,492,0
1108,611,42,0
1109,456,127,0
1110,190,512,0
1111,650,143,0
1112,359,180,0
1113,624,485,0
1114,587,480,0
1115,652,241,0
1116,364,175,0
1117,430,697,0
1118,59,383,0
1119,311,34,0
1120,508,74,0
1121,275,155,0
1122,211,395,0
1123,62,226,0
1124,494,119,0
1125,2,462,0
1126,287,640,0
1127,502,74,0
1128,458,653,0
1129,57,103,0
1130,642,376,0
1131,516,461,0
1132,614,220,0
1133,562,263,0
1134,190,669,0
1135,404,84,0
1136,238,488,0
1137,247,454,0
1138,502,545,0
1139,516,114,0
1140,106,320,0
1141,305,407,0
1142,498,119,0
1143,534,184,0
1144,477,147,0
1145,2,103,0
1146,611,470,0
1147,501,68,0
1148,458,301,0
1149,79,237,0
1150,502,632,0
1151,612,332,0
1152,259,52,0
1153,127,482,0
1154,567,375,0
1155,60,563,0
1156,273,375,0
1157,494,55,0
1158,15,266,0
1159,273,269,0
1160,534,479,0
1161,652,128,0
1162,668,524,0
1163,100,176,0
1164,126,397,0
1165,118,554,0
1166,554,253,0
1167,72,57,0
1168,209,15,0
1169,37,67,0
1170,246,372,0
1171,359,485,0
1172,246,231,0
1173,511,198,0
1174,494,175,0
1175,305,63,0
1176,364,422,0
1177,37,26,0
1178,238,675,0
1179,567,67,0
1180,404,458,0
1181,532,650,0
1182,245,89,0
1183,668,100,0
1184,508,199,0
1185,494,591,0
1186,238,241,0
1187,481,65,0
1188,409,303,0
1189,177,84,0
1190,369,687,0
1191,583,140,0
1192,497,571,0
1193,612,313,0
1194,411,258,0
1195,684,133,0
1196,508,670,0
1197,554,519,0
1198,284,607,0
1199,518,310,0
1200,244,664,0
1201,409,170,0
1202,33,441,0
1203,561,400,0
1204,622,222,0
1205,33,163,0
1206,72,173,0
1207,238,493,0
1208,92,476,0
1209,145,93,0
1210,435,400,0
1211,589,62,0
1212,126,579,0
1213,118,153,0
1214,57,484,0
1215,588,628,0
1216,636,288,0
1217,21,31,0
1218,311,348,0
1219,119,647,0
1220,247,142,0
1221,29,237,0
1222,680,222,0
1223,523,470,0
1224,636,489,0
1225,501,55,0
1226,8,58,0
1227,42,592,0
1228,330,530,0
1229,650,601,0
1230,547,100,0
1231,433,676,0
1232,668,361,0
1233,305,331,0
1234,311,426,0
1235,406,223,0
1236,587,460,0
1237,299,120,0
1238,692,346,0
1239,494,340,0
1240,39,446,0
1241,458,74,0
1242,72,588,0
1243,518,306,0
1244,203,634,0
1245,8,380,0
1246,576,13,0
1247,620,438,0
1248,477,113,0
1249,411,385,0
1250,238,636,0
1251,477,71,0
1252,588,128,0
1253,456,4,0
1254,119,303,0
1255,453,139,0
1256,692,266,0
1257,404,574,0
1258,692,167,0
1259,330,594,0
1260,352,142,0
1261,259,253,0
1262,430,700,0
1263,293,345,0
1264,518,407,0
1265,583,253,0
1266,434,338,0
1267,190,452,0
1268,459,653,0
1269,583,608,0
1270,620,340,0
1271,502,137,0
1272,668,475,0
1273,126,664,0
1274,406,76,0
1275,259,550,0
1276,119,416,0
1277,245,546,0
1278,67,294,0
1279,330,360,0
1280,501,595,0
1281,299,12,0
1282,494,223,0
1283,92,486,0
1284,300,439,0
1285,524,141,0
1286,537,9,0
1287,259,24,0
1288,508,341,0
1289,434,210,0
1290,628,123,0
1291,620,537,0
1292,139,88,0
1293,395,660,0
1294,566,624,0
1295,518,66,0
1296,622,535,0
1297,33,351,0
1298,588,287,0
1299,556,586,0
1300,37,589,0
1301,311,403,0
1302,21,584,0
1303,435,130,0
1304,561,507,0
1305,587,542,0
1306,435,440,0
1307,547,340,0
1308,550,426,0
1309,494,28,0
1310,100,341,0
1311,126,317,0
1312,58,550,0
1313,587,495,0
1314,518,274,0
1315,498,518,0
1316,612,560,0
1317,611,459,0
1318,199,551,0
1319,59,689,0
1320,119,348,0
1321,275,513,0
1322,642,567,0
1323,668,161,0
1324,434,124,0
1325,547,254,0
1326,628,385,0
1327,173,165,0
1328,230,233,0
1329,118,286,0
1330,173,552,0
1331,59,251,0
1332,293,94,0
1333,524,553,0
1334,562,514,0
1335,369,658,0
1336,293,270,0
1337,59,532,0
1338,173,702,0
1339,238,608,0
1340,106,65,0
1341,406,231,0
1342,547,359,0
1343,406,19,0
1344,209,460,0
1345,109,51,0
1346,561,529,0
1347,611,579,0
1348,518,210,0
1349,67,352,0
1350,199,240,0
1351,299,326,0
1352,224,376,0
1353,523,491,0
1354,622,213,0
1355,21,104,0
1356,588,89,0
1357,425,77,0
1358,33,342,0
1359,406,696,0
1360,139,172,0
1361,57,406,0
1362,352,66,0
1363,550,492,0
1364,562,113,0
1365,434,539,0
1366,244,22,0
1367,60,615,0
1368,575,297,0
1369,39,675,0
1370,72,371,0
1371,576,561,0
1372,125,487,0
1373,587,623,0
1374,57,485,0
1375,127,215,0
1376,42,414,0
1377,100,112,0
1378,532,434,0
1379,566,352,0
1380,273,283,0
1381,425,549,0
1382,242,298,0
1383,39,603,0
1384,137,613,0
1385,118,125,0
1386,190,142,0
1387,482,239,0
1388,359,593,0
1389,426,281,0
1390,511,374,0
1391,126,118,0
1392,458,378,0
1393,664,325,0
1394,567,575,0
1395,92,621,0
1396,238,546,0
1397,680,157,0
1398,605,584,0
1399,352,79,0
1400,532,50,0
1401,494,579,0
1402,650,604,0
1403,556,37,0
1404,62,693,0
1405,611,272,0
1406,587,323,0
1407,118,664,0
1408,244,648,0
1409,8,580,0
1410,556,663,0
1411,29,128,0
1412,238,84,0
1413,628,108,0
1414,275,517,0
1415,459,356,0
1416,353,517,0
1417,106,374,0
1418,494,672,0
1419,149,377,0
1420,497,8,0
1421,42,430,0
1422,562,637,0
1423,680,273,0
1424,583,519,0
1425,453,688,0
1426,406,596,0
1427,459,396,0
1428,244,58,0
1429,518,476,0
1430,550,561,0
1431,533,28,0
1432,430,354,0
1433,246,564,0
1434,532,568,0
1435,330,326,0
1436,534,702,0
1437,60,336,0
1438,245,626,0
1439,409,656,0
1440,554,239,0
1441,612,628,0
1442,537,189,0
1443,524,197,0
1444,453,659,0
1445,59,701,0
1446,636,226,0
1447,666,145,0
1448,137,384,0
1449,8,41,0
1450,287,567,0
1451,325,238,0
1452,271,393,0
1453,411,295,0
1454,299,345,0
1455,230,67,0
1456,642,453,0
1457,2,186,0
1458,139,179,0
1459,287,82,0
1460,589,198,0
1461,599,508,0
1462,299,116,0
1463,611,74,0
1464,611,679,0
1465,561,254,0
1466,618,6,0
1467,224,155,0
1468,666,374,0
1469,369,587,0
1470,425,128,0
1471,246,267,0
1472,636,609,0
1473,70,55,0
1474,287,512,0
1475,325,228,0
1476,434,379,0
1477,70,588,0
1478,494,390,0
1479,680,537,0
1480,434,33,0
1481,498,512,0
1482,426,627,0
1483,532,58,0
1484,287,364,0
1485,618,186,0
1486,369,696,0
1487,434,658,0
1488,375,692,0
1489,173,204,0
1490,589,644,0
1491,305,460,0
1492,636,658,0
1493,426,559,0
1494,92,78,0
1495,21,531,0
1496,72,157,0
1497,375,317,0
1498,612,665,0
1499,72,91,0
1500,533,702,0
1501,271,431,0
1502,439,117,0
1503,561,188,0
1504,79,515,0
1505,620,598,0
1506,666,246,0
1507,8,426,0
1508,359,327,0
1509,567,576,0
1510,149,474,0
1511,508,220,0
1512,33,512,0
1513,282,613,0
1514,477,407,0
1515,57,640,0
1516,325,401,0
1517,119,424,0
1518,311,174,0
1519,537,421,0
1520,435,129,0
1521,275,262,0
1522,614,268,0
1523,194,466,0
1524,282,670,0
1525,406,556,0
1526,664,369,0
1527,301,149,0
1528,173,413,0
1529,79,390,0
1530,8,277,0
1531,353,408,0
1532,566,483,0
1533,477,68,0
1534,209,125,0
1535,127,227,0
1536,482,330,0
1537,482,377,0
1538,173,662,0
1539,246,412,0
1540,556,588,0
1541,126,548,0
1542,511,292,0
1543,109,362,0
1544,406,306,0
1545,39,477,0
1546,532,281,0
1547,502,67,0
1548,21,668,0
1549,518,415,0
1550,561,17,0
1551,561,460,0
1552,58,300,0
1553,692,428,0
1554,696,318,0
1555,409,385,0
1556,311,505,0
1557,497,125,0
1558,411,545,0
1559,459,310,0
1560,245,476,0
1561,293,6,0
1562,230,221,0
1563,684,361,0
1564,106,162,0
1565,259,171,0
1566,244,160,0
1567,8,561,0
1568,300,654,0
1569,369,622,0
1570,37,605,0
1571,301,300,0
1572,246,628,0
1573,230,252,0
1574,623,589,0
1575,459,342,0
1576,301,128,0
1577,533,419,0
1578,430,110,0
1579,583,201,0
1580,173,516,0
1581,605,373,0
1582,119,58,0
1583,435,274,0
1584,100,272,0
1585,593,13,0
1586,409,475,0
1587,299,319,0
1588,300,306,0
1589,642,493,0
1590,453,10,0
1591,618,46,0
1592,554,375,0
1593,190,493,0
1594,126,207,0
1595,684,160,0
1596,692,647,0
1597,39,117,0
1598,516,177,0
1599,369,423,0
1600,599,343,0
1601,664,526,0
1602,481,340,0
1603,556,523,0
1604,425,452,0
1605,569,116,0
1606,622,479,0
1607,224,151,0
1608,201,186,0
1609,100,612,0
1610,201,124,0
1611,311,299,0
1612,79,54,0
1613,201,498,0
1614,119,570,0
1615,652,425,0
1616,554,430,0
1617,696,290,0
1618,39,276,0
1619,523,271,0
1620,275,358,0
1621,42,678,0
1622,395,273,0
1623,201,90,0
1624,284,599,0
1625,402,564,0
1626,211,594,0
1627,137,380,0
1628,246,303,0
1629,42,369,0
1630,411,555,0
1631,244,441,0
1632,72,144,0
1633,508,374,0
1634,149,216,0
1635,501,650,0
1636,583,557,0
1637,692,194,0
1638,299,548,0
1639,434,594,0
1640,247,678,0
1641,620,102,0
1642,547,171,0
1643,100,314,0
1644,562,457,0
1645,537,482,0
1646,406,20,0
1647,508,241,0
1648,458,143,0
1649,190,277,0
1650,430,70,0
1651,177,477,0
1652,8,577,0
1653,426,598,0
1654,238,384,0
1655,524,79,0
1656,293,298,0
1657,642,655,0
1658,561,522,0
1659,259,575,0
1660,664,643,0
1661,623,490,0
1662,70,480,0
1663,439,273,0
1664,623,277,0
1665,498,361,0
1666,518,676,0
1667,532,278,0
1668,650,59,0
1669,247,196,0
1670,173,20,0
1671,15,484,0
1672,79,321,0
1673,668,147,0
1674,508,527,0
1675,692,75,0
1676,137,404,0
1677,48,158,0
1678,119,105,0
1679,587,498,0
1680,37,217,0
1681,145,563,0
1682,684,37,0
1683,79,407,0
1684,502,419,0
1685,459,175,0
1686,106,571,0
1687,482,306,0
1688,494,451,0
1689,567,131,0
1690,566,623,0
1691,21,534,0
1692,589,502,0
1693,692,30,0
1694,8,434,0
1695,618,154,0
1696,273,239,0
1697,137,242,0
1698,524,26,0
1699,230,694,0
1700,567,611,0
1701,284,239,0
1702,177,544,0
1703,92,360,0
1704,434,186,0
1705,498,306,0
1706,230,632,0
1707,562,540,0
1708,612,644,0
1709,587,486,0
1710,37,275,0
1711,79,336,0
1712,127,660,0
1713,15,477,0
1714,494,115,0
1715,459,95,0
1716,67,487,0
1717,435,94,0
1718,199,95,0
1719,439,114,0
1720,588,2,0
1721,230,625,0
1722,482,164,0
1723,246,471,0
1724,534,501,0
1725,611,556,0
1726,561,121,0
1727,273,422,0
1728,508,99,0
1729,618,499,0
1730,2,316,0
1731,620,423,0
1732,209,650,0
1733,650,259,0
1734,92,6,0
1735,696,55,0
1736,532,579,0
1737,575,157,0
1738,173,277,0
1739,433,470,0
1740,284,537,0
1741,537,598,0
1742,411,663,0
1743,100,489,0
1744,406,40,0
1745,426,659,0
1746,614,269,0
1747,624,305,0
1748,569,32,0
1749,139,235,0
1750,556,613,0
1751,576,458,0
1752,587,287,0
1753,224,643,0
1754,501,694,0
1755,439,142,0
1756,532,572,0
1757,199,527,0
1758,547,345,0
1759,325,488,0
1760,614,373,0
1761,177,681,0
1762,498,661,0
1763,209,520,0
1764,275,442,0
1765,575,60,0
1766,508,280,0
1767,311,382,0
1768,511,369,0
1769,21,474,0
1770,426,646,0
1771,353,295,0
1772,576,89,0
1773,137,304,0
1774,516,54,0
1775,611,543,0
1776,149,197,0
1777,524,625,0
1778,435,392,0
1779,575,666,0
1780,82,367,0
1781,369,316,0
1782,612,42,0
1783,70,607,0
1784,293,650,0
1785,57,623,0
1786,642,132,0
1787,620,321,0
1788,561,9,0
1789,435,575,0
1790,459,209,0
1791,605,668,0
1792,684,392,0
1793,275,127,0
1794,534,438,0
1795,284,5,0
1796,692,70,0
1797,611,339,0
1798,497,668,0
1799,305,131,0
1800,620,496,0
1801,554,589,0
1802,566,615,0
1803,2,502,0
1804,523,427,0
1805,692,363,0
1806,501,562,0
1807,67,694,0
1808,271,141,0
1809,109,130,0
1810,209,351,0
1811,453,436,0
1812,680,463,0
1813,246,365,0
1814,57,443,0
1815,211,76,0
1816,58,305,0
1817,92,596,0
1818,537,295,0
1819,554,233,0
1820,275,353,0
1821,259,698,0
1822,498,25,0
1823,498,451,0
1824,238,280,0
1825,137,586,0
1826,275,95,0
1827,680,406,0
1828,618,598,0
1829,588,425,0
1830,106,308,0
1831,119,406,0
1832,404,498,0
1833,532,666,0
1834,508,13,0
1835,556,685,0
1836,583,278,0
1837,524,211,0
1838,561,564,0
1839,622,120,0
1840,42,225,0
1841,247,54,0
1842,275,587,0
1843,458,448,0
1844,58,655,0
1845,177,483,0
1846,567,559,0
1847,194,685,0
1848,680,376,0
1849,589,498,0
1850,39,703,0
1851,273,63,0
1852,624,264,0
1853,245,699,0
1854,425,303,0
1855,612,663,0
1856,242,644,0
1857,67,349,0
1858,458,116,0
1859,109,491,0
1860,439,212,0
1861,287,693,0
1862,364,128,0
1863,497,460,0
1864,145,450,0
1865,173,533,0
1866,576,404,0
1867,58,376,0
1868,62,203,0
1869,118,434,0
1870,406,287,0
1871,569,674,0
1872,433,607,0
1873,569,24,0
1874,554,28,0
1875,575,2,0
1876,550,296,0
1877,127,122,0
1878,622,539,0
1879,404,467,0
1880,612,697,0
1881,612,693,0
1882,242,18,0
1883,194,572,0
1884,238,8,0
1885,299,564,0
1886,628,487,0
1887,190,297,0
1888,173,336,0
1889,139,63,0
1890,72,655,0
1891,652,249,0
1892,273,203,0
1893,566,231,0
1894,70,522,0
1895,58,118,0
1896,127,81,0
1897,230,85,0
1898,668,659,0
1899,458,591,0
1900,149,552,0
1901,508,255,0
1902,583,450,0
1903,433,654,0
1904,511,685,0
1905,79,80,0
1906,537,535,0
1907,453,445,0
1908,244,655,0
1909,199,412,0
1910,497,54,0
1911,588,192,0
1912,680,261,0
1913,271,453,0
1914,126,561,0
1915,352,326,0
1916,523,110,0
1917,109,162,0
1918,508,549,0
1919,612,575,0
1920,109,143,0
1921,201,665,0
1922,426,204,0
1923,516,498,0
1924,518,448,0
1925,494,608,0
1926,411,308,0
1927,59,305,0
1928,576,439,0
1929,575,589,0
1930,618,123,0
1931,666,598,0
1932,402,409,0
1933,190,115,0
1934,623,699,0
1935,59,198,0
1936,599,532,0
1937,511,222,0
1938,33,125,0
1939,588,548,0
1940,330,262,0
1941,305,437,0
1942,611,498,0
1943,434,456,0
1944,301,311,0
1945,668,554,0
1946,569,437,0
1947,39,466,0
1948,301,135,0
1949,293,516,0
1950,477,545,0
1951,537,517,0
1952,587,362,0
1953,60,684,0
1954,284,472,0
1955,622,651,0
1956,119,221,0
1957,194,36,0
1958,404,12,0
1959,404,651,0
1960,430,501,0
1961,458,703,0
1962,511,31,0
1963,554,453,0
1964,37,503,0
1965,583,350,0
1966,199,698,0
1967,15,192,0
1968,477,495,0
1969,72,664,0
1970,15,22,0
1971,477,273,0
1972,650,653,0
1973,516,604,0
1974,301,182,0
1975,433,441,0
1976,15,653,0
1977,636,533,0
1978,402,219,0
1979,271,512,0
1980,109,306,0
1981,508,210,0
1982,456,196,0
1983,8,303,0
1984,435,587,0
1985,70,78,0
1986,8,105,0
1987,300,610,0
1988,247,602,0
1989,305,325,0
1990,611,536,0
1991,230,173,0
1992,284,570,0
1993,404,299,0
1994,583,364,0
1995,305,49,0
1996,593,480,0
1997,426,126,0
1998,518,254,0
1999,364,191,0
2000,569,582,0
2001,477,624,0
2002,477,293,0
2003,126,131,0
2004,624,149,0
2005,406,366,0
2006,42,130,0
2007,109,262,0
2008,453,400,0
2009,57,414,0
2010,409,285,0
2011,119,585,0
2012,287,298,0
2013,301,680,0
2014,550,304,0
2015,137,584,0
2016,684,242,0
2017,587,459,0
2018,209,113,0
2019,33,601,0
2020,575,249,0
2021,612,421,0
2022,409,139,0
2023,508,511,0
2024,209,372,0
2025,60,665,0
2026,547,451,0
2027,37,671,0
2028,352,517,0
2029,211,629,0
2030,305,276,0
2031,430,307,0
2032,177,447,0
2033,611,109,0
2034,562,475,0
2035,533,505,0
2036,497,338,0
2037,589,556,0
2038,127,570,0
2039,459,255,0
2040,119,650,0
2041,353,151,0
2042,532,134,0
2043,482,212,0
2044,203,346,0
2045,453,649,0
2046,209,165,0
2047,664,335,0
2048,556,398,0
2049,684,583,0
2050,696,578,0
2051,282,563,0
2052,409,72,0
2053,125,289,0
2054,409,489,0
2055,411,656,0
2056,8,160,0
2057,194,262,0
2058,118,460,0
2059,203,604,0
2060,259,170,0
2061,576,448,0
2062,696,571,0
2063,532,553,0
2064,8,693,0
2065,224,74,0
2066,547,268,0
2067,305,440,0
2068,247,285,0
2069,230,682,0
2070,364,703,0
2071,402,48,0
2072,353,333,0
2073,82,248,0
2074,203,110,0
2075,611,633,0
2076,567,194,0
2077,439,645,0
2078,42,421,0
2079,642,70,0
2080,58,475,0
2081,199,266,0
2082,623,89,0
2083,139,130,0
2084,458,48,0
2085,566,439,0
2086,482,319,0
2087,177,634,0
2088,375,346,0
2089,406,147,0
2090,125,375,0
2091,137,259,0
2092,273,80,0
2093,245,496,0
2094,29,81,0
2095,273,534,0
2096,230,520,0
2097,409,95,0
2098,516,692,0
2099,92,635,0
2100,482,357,0
2101,2,472,0
2102,57,500,0
2103,624,48,0
2104,230,66,0
2105,425,597,0
2106,611,398,0
2107,533,552,0
2108,567,291,0
2109,575,154,0
2110,599,52,0
2111,430,284,0
2112,556,525,0
2113,453,30,0
2114,411,147,0
2115,583,25,0
2116,245,422,0
2117,537,417,0
2118,275,620,0
2119,299,40,0
2120,425,515,0
2121,411,693,0
2122,293,515,0
2123,404,654,0
2124,620,381,0
2125,642,85,0
2126,652,148,0
2127,230,205,0
2128,29,644,0
2129,562,324,0
2130,284,72,0
2131,534,96,0
2132,311,58,0
2133,524,503,0
2134,109,702,0
2135,8,651,0
2136,623,156,0
2137,139,154,0
2138,650,226,0
2139,518,436,0
2140,589,453,0
2141,106,179,0
2142,481,80,0
2143,628,146,0
2144,59,638,0
2145,242,619,0
2146,569,259,0
2147,453,135,0
2148,402,105,0
2149,8,488,0
2150,614,503,0
2151,684,533,0
2152,273,390,0
2153,118,283,0
2154,244,104,0
2155,282,75,0
2156,628,339,0
2157,118,376,0
2158,523,56,0
2159,567,638,0
2160,330,512,0
2161,404,668,0
2162,456,555,0
2163,628,455,0
2164,364,533,0
2165,618,543,0
2166,29,614,0
2167,624,581,0
2168,100,475,0
2169,680,514,0
2170,201,141,0
2171,2,584,0
2172,439,672,0
2173,511,466,0
2174,589,47,0
2175,79,492,0
2176,201,62,0
2177,137,309,0
2178,190,596,0
2179,42,242,0
2180,614,427,0
2181,395,27,0
2182,696,14,0
2183,501,559,0
2184,353,613,0
2185,439,308,0
2186,537,436,0
2187,60,231,0
2188,533,227,0
2189,275,647,0
2190,33,73,0
2191,692,135,0
2192,273,149,0
2193,430,155,0
2194,273,551,0
2195,199,402,0
2196,583,357,0
2197,433,111,0
2198,126,595,0
2199,439,446,0
2200,458,526,0
2201,587,570,0
2202,59,293,0
2203,242,262,0
2204,244,195,0
2205,305,698,0
2206,624,117,0
2207,209,474,0
2208,284,213,0
2209,325,695,0
2210,498,249,0
2211,353,472,0
2212,42,299,0
2213,244,343,0
2214,537,363,0
2215,481,363,0
2216,145,98,0
2217,203,199,0
2218,612,503,0
2219,29,342,0
2220,293,418,0
2221,395,221,0
2222,684,310,0
2223,293,219,0
2224,271,29,0
2225,238,602,0
2226,411,620,0
2227,300,396,0
2228,550,258,0
2229,39,98,0
2230,402,146,0
2231,70,436,0
2232,599,289,0
2233,624,30,0
2234,650,402,0
2235,29,335,0
2236,299,498,0
2237,127,643,0
2238,650,208,0
2239,199,473,0
2240,82,515,0
2241,576,286,0
2242,177,594,0
2243,100,350,0
2244,556,53,0
2245,605,690,0
2246,556,333,0
2247,534,673,0
2248,92,174,0
2249,411,98,0
2250,623,118,0
2251,245,186,0
2252,15,703,0
2253,284,289,0
2254,566,565,0
2255,497,407,0
2256,352,523,0
2257,516,397,0
2258,359,489,0
2259,508,541,0
2260,109,584,0
2261,275,137,0
2262,587,299,0
2263,459,681,0
2264,59,16,0
2265,652,687,0
2266,245,391,0
2267,459,427,0
2268,605,123,0
2269,330,477,0
2270,369,377,0
2271,599,73,0
2272,211,276,0
2273,501,529,0
2274,145,132,0
2275,70,101,0
2276,211,104,0
2277,293,549,0
2278,562,150,0
2279,62,350,0
2280,692,159,0
2281,684,237,0
2282,404,646,0
2283,482,218,0
2284,642,333,0
2285,247,478,0
2286,201,396,0
2287,203,629,0
2288,284,88,0
2289,125,655,0
2290,79,257,0
2291,42,342,0
2292,547,206,0
2293,203,403,0
2294,642,241,0
2295,575,475,0
2296,611,353,0
2297,139,499,0
2298,680,518,0
2299,109,626,0
2300,642,81,0
2301,406,352,0
2302,534,14,0
2303,119,108,0
2304,70,466,0
2305,149,214,0
2306,664,500,0
2307,305,60,0
2308,39,616,0
2309,575,596,0
2310,119,81,0
2311,534,601,0
2312,311,295,0
2313,284,311,0
2314,534,135,0
2315,569,274,0
2316,547,221,0
2317,569,322,0
2318,537,239,0
2319,430,620,0
2320,242,71,0
2321,576,96,0
2322,177,543,0
2323,190,615,0
2324,300,205,0
2325,70,496,0
2326,624,578,0
2327,199,272,0
2328,287,372,0
2329,330,115,0
2330,173,665,0
2331,57,603,0
2332,300,230,0
2333,37,249,0
2334,242,617,0
2335,537,146,0
2336,576,146,0
2337,118,503,0
2338,588,679,0
2339,583,389,0
2340,325,644,0
2341,684,119,0
2342,588,249,0
2343,375,337,0
2344,508,408,0
2345,605,212,0
2346,109,55,0
2347,29,609,0
2348,666,104,0
2349,620,594,0
2350,67,98,0
2351,194,39,0
2352,39,376,0
2353,194,215,0
2354,569,14,0
2355,575,538,0
2356,547,656,0
2357,498,329,0
2358,692,180,0
2359,305,80,0
2360,622,323,0
2361,550,584,0
2362,502,65,0
2363,70,110,0
2364,194,473,0
2365,434,88,0
2366,533,636,0
2367,173,699,0
2368,611,389,0
2369,230,411,0
2370,127,400,0
2371,58,499,0
2372,458,663,0
2373,287,259,0
2374,453,426,0
2375,82,603,0
2376,127,571,0
2377,190,136,0
2378,523,156,0
2379,554,66,0
2380,508,246,0
2381,311,677,0
2382,433,309,0
2383,533,573,0
2384,273,157,0
2385,453,287,0
2386,554,306,0
2387,301,222,0
2388,593,297,0
2389,561,680,0
2390,439,96,0
2391,126,500,0
2392,664,260,0
2393,611,664,0
2394,435,674,0
2395,425,347,0
2396,194,366,0
2397,79,138,0
2398,246,106,0
2399,311,510,0
2400,430,622,0
2401,59,184,0
2402,583,496,0
2403,533,581,0
2404,622,256,0
2405,118,403,0
2406,668,183,0
2407,271,311,0
2408,37,358,0
2409,48,75,0
2410,494,58,0
2411,409,643,0
2412,395,430,0
2413,125,226,0
2414,532,382,0
2415,623,513,0
2416,614,138,0
2417,2,580,0
2418,650,466,0
2419,242,337,0
2420,15,222,0
2421,642,540,0
2422,692,443,0
2423,516,347,0
2424,359,263,0
2425,106,578,0
2426,209,7,0
2427,364,262,0
2428,82,359,0
2429,588,154,0
2430,82,464,0
2431,459,518,0
2432,190,276,0
2433,523,304,0
2434,259,274,0
2435,435,312,0
2436,301,33,0
2437,612,336,0
2438,650,106,0
2439,456,552,0
2440,67,595,0
2441,481,270,0
2442,575,216,0
2443,425,439,0
2444,62,301,0
2445,92,114,0
2446,498,93,0
2447,534,330,0
2448,82,40,0
2449,618,226,0
2450,477,511,0
2451,230,434,0
2452,375,488,0
2453,433,444,0
2454,533,356,0
2455,145,350,0
2456,434,649,0
2457,199,120,0
2458,230,515,0
2459,684,206,0
2460,456,68,0
2461,119,173,0
2462,246,262,0
2463,42,608,0
2464,583,565,0
2465,680,57,0
2466,511,330,0
2467,8,202,0
2468,458,593,0
2469,311,535,0
2470,404,190,0
2471,242,244,0
2472,300,599,0
2473,458,138,0
2474,567,449,0
2475,482,334,0
2476,453,540,0
2477,92,268,0
2478,516,518,0
2479,353,301,0
2480,37,519,0
2481,533,399,0
2482,8,505,0
2483,501,664,0
2484,518,544,0
2485,119,389,0
2486,652,542,0
2487,173,18,0
2488,566,123,0
2489,139,289,0
2490,190,229,0
2491,566,402,0
2492,82,680,0
2493,482,485,0
2494,70,167,0
2495,523,418,0
2496,498,521,0
2497,79,602,0
2498,353,107,0
2499,59,594,0
2500,33,542,0
2501,224,89,0
2502,395,461,0
2503,301,14,0
2504,79,254,0
2505,576,318,0
2506,145,76,0
2507,599,234,0
2508,668,523,0
2509,247,58,0
2510,353,199,0
2511,364,516,0
2512,199,217,0
2513,518,224,0
2514,696,80,0
2515,39,263,0
2516,352,70,0
2517,330,283,0
2518,624,162,0
2519,666,113,0
2520,620,541,0
2521,567,5,0
2522,190,0,0
2523,567,320,0
2524,664,501,0
2525,435,135,0
2526,330,415,0
2527,433,318,0
2528,599,37,0
2529,203,54,0
2530,246,285,0
2531,359,683,0
2532,287,78,0
2533,247,600,0
2534,599,555,0
2535,224,497,0
2536,583,528,0
2537,652,512,0
2538,119,192,0
2539,245,379,0
2540,587,556,0
2541,395,432,0
2542,537,231,0
2543,194,700,0
2544,612,342,0
2545,79,144,0
2546,605,14,0
2547,126,75,0
2548,481,361,0
2549,118,687,0
2550,434,134,0
2551,247,445,0
2552,456,527,0
2553,190,320,0
2554,353,275,0
2555,533,125,0
2556,668,483,0
2557,547,500,0
2558,375,639,0
2559,636,505,0
2560,680,431,0
2561,199,621,0
2562,434,112,0
2563,554,435,0
2564,550,564,0
2565,42,480,0
2566,72,358,0
2567,59,199,0
2568,311,234,0
2569,238,17,0
2570,293,35,0
2571,652,173,0
2572,224,90,0
2573,238,42,0
2574,137,152,0
2575,301,576,0
2576,119,345,0
2577,284,677,0
2578,411,155,0
2579,67,407,0
2580,537,611,0
2581,299,338,0
2582,293,319,0
2583,576,457,0
2584,652,510,0
2585,109,65,0
2586,628,23,0
2587,523,515,0
2588,518,512,0
2589,547,553,0
2590,230,512,0
2591,211,208,0
2592,614,505,0
2593,145,325,0
2594,411,234,0
2595,119,146,0
2596,684,606,0
2597,177,302,0
2598,330,674,0
2599,569,132,0
2600,201,698,0
2601,42,278,0
2602,532,573,0
2603,589,662,0
2604,576,590,0
2605,39,529,0
2606,411,56,0
2607,575,647,0
2608,502,44,0
2609,537,261,0
2610,612,330,0
2611,305,344,0
2612,502,557,0
2613,62,213,0
2614,137,417,0
2615,109,496,0
2616,244,483,0
2617,271,199,0
2618,2,455,0
2619,532,662,0
2620,547,554,0
2621,311,364,0
2622,624,490,0
2623,494,78,0
2624,680,477,0
2625,59,4,0
2626,300,490,0
2627,369,393,0
2628,501,140,0
2629,409,702,0
2630,364,487,0
2631,125,558,0
2632,60,595,0
2633,534,597,0
2634,70,577,0
2635,139,217,0
2636,82,411,0
2637,411,352,0
2638,497,271,0
2639,614,91,0
2640,623,498,0
2641,330,600,0
2642,305,94,0
2643,680,610,0
2644,587,429,0
2645,173,434,0
2646,209,335,0
2647,508,172,0
2648,556,569,0
2649,532,536,0
2650,57,305,0
2651,426,620,0
2652,364,36,0
2653,684,356,0
2654,299,570,0
2655,149,220,0
2656,100,70,0
2657,173,654,0
2658,126,220,0
2659,70,406,0
2660,567,365,0
2661,498,179,0
2662,402,174,0
2663,58,555,0
2664,364,459,0
2665,624,509,0
2666,664,636,0
2667,203,149,0
2668,666,319,0
2669,477,93,0
2670,623,612,0
2671,39,599,0
2672,325,39,0
2673,245,233,0
2674,273,660,0
2675,411,31,0
2676,561,429,0
2677,259,29,0
2678,411,219,0
2679,48,150,0
2680,119,278,0
2681,692,50,0
2682,299,159,0
2683,547,687,0
2684,636,349,0
2685,271,195,0
2686,554,362,0
2687,325,129,0
2688,62,274,0
2689,481,168,0
2690,39,353,0
2691,575,308,0
2692,516,229,0
2693,494,76,0
2694,375,640,0
2695,238,125,0
2696,567,455,0
2697,209,559,0
2698,118,597,0
2699,458,177,0
2700,481,52,0
2701,246,227,0
2702,611,312,0
2703,696,673,0
2704,456,333,0
2705,502,422,0
2706,271,491,0
2707,614,439,0
2708,82,426,0
2709,375,172,0
2710,242,144,0
2711,70,39,0
2712,353,105,0
2713,42,517,0
2714,456,238,0
2715,244,250,0
2716,664,379,0
2717,244,278,0
2718,435,693,0
2719,305,330,0
2720,605,122,0
2721,70,585,0
2722,246,478,0
2723,15,473,0
2724,82,691,0
2725,561,651,0
2726,209,356,0
2727,109,256,0
2728,300,249,0
2729,67,534,0
2730,359,389,0
2731,511,237,0
2732,561,298,0
2733,642,381,0
2734,364,0,0
2735,59,276,0
2736,246,630,0
2737,2,253,0
2738,458,28,0
2739,433,702,0
2740,497,655,0
2741,409,193,0
2742,426,299,0
2743,406,686,0
2744,119,518,0
2745,173,703,0
2746,567,191,0
2747,664,210,0
2748,293,425,0
2749,301,134,0
2750,242,133,0
2751,550,99,0
2752,137,582,0
2753,547,116,0
2754,395,442,0
2755,353,331,0
2756,612,251,0
2757,550,48,0
2758,556,273,0
2759,293,338,0
2760,62,246,0
2761,547,225,0
2762,406,148,0
2763,139,642,0
2764,642,561,0
2765,353,522,0
2766,599,76,0
2767,353,416,0
2768,287,442,0
2769,325,418,0
2770,459,104,0
2771,118,165,0
2772,82,423,0
2773,666,564,0
2774,39,638,0
2775,247,408,0
2776,482,500,0
2777,650,590,0
2778,299,586,0
2779,666,348,0
2780,482,94,0
2781,259,671,0
2782,516,14,0
2783,352,492,0
2784,664,368,0
2785,642,5,0
2786,33,238,0
2787,301,69,0
2788,477,376,0
2789,119,456,0
2790,100,430,0
2791,395,363,0
2792,100,7,0
2793,369,157,0
2794,145,575,0
2795,353,251,0
2796,244,269,0
2797,282,656,0
2798,589,266,0
2799,58,630,0
2800,533,6,0
2801,299,382,0
2802,173,421,0
2803,149,693,0
2804,624,163,0
2805,652,568,0
2806,72,230,0
2807,430,96,0
2808,293,268,0
2809,92,423,0
2810,435,291,0
2811,556,68,0
2812,501,513,0
2813,125,644,0
2814,301,598,0
2815,359,628,0
2816,100,593,0
2817,149,111,0
2818,149,485,0
2819,60,464,0
2820,534,49,0
2821,42,62,0
2822,650,382,0
2823,650,401,0
2824,612,81,0
2825,588,74,0
2826,57,381,0
2827,696,245,0
2828,72,494,0
2829,100,205,0
2830,618,519,0
2831,696,130,0
2832,588,373,0
2833,620,399,0
2834,287,610,0
2835,271,8,0
2836,92,22,0
2837,29,177,0
2838,636,497,0
2839,375,533,0
2840,325,190,0
2841,516,576,0
2842,275,576,0
2843,359,355,0
2844,426,622,0
2845,106,306,0
2846,247,387,0
2847,273,416,0
2848,406,569,0
2849,556,210,0
2850,29,586,0
2851,57,343,0
2852,623,424,0
2853,494,388,0
2854,611,170,0
2855,375,140,0
2856,42,264,0
2857,284,309,0
2858,246,187,0
2859,587,146,0
2860,624,539,0
2861,259,684,0
2862,550,672,0
2863,48,646,0
2864,588,553,0
2865,612,328,0
2866,224,383,0
2867,614,100,0
2868,230,648,0
2869,109,265,0
2870,611,234,0
2871,353,550,0
2872,518,389,0
2873,426,323,0
2874,537,678,0
2875,62,634,0
2876,611,265,0
2877,589,124,0
2878,524,683,0
2879,477,274,0
2880,404,91,0
2881,404,165,0
2882,33,94,0
2883,79,223,0
2884,614,475,0
2885,125,701,0
2886,230,514,0
2887,680,125,0
2888,299,297,0
2889,402,16,0
2890,434,231,0
2891,650,267,0
2892,497,467,0
2893,305,490,0
2894,259,217,0
2895,190,599,0
2896,402,337,0
2897,425,614,0
2898,125,227,0
2899,119,515,0
2900,119,77,0
2901,177,539,0
2902,119,666,0
2903,15,695,0
2904,433,391,0
2905,497,696,0
2906,8,372,0
2907,305,642,0
2908,430,196,0
2909,523,446,0
2910,587,324,0
2911,42,86,0
2912,561,235,0
2913,37,159,0
2914,433,336,0
2915,425,602,0
2916,395,86,0
2917,508,375,0
2918,70,462,0
2919,636,414,0
2920,409,580,0
2921,533,575,0
2922,502,135,0
2923,554,174,0
2924,271,293,0
2925,498,433,0
2926,118,588,0
2927,576,330,0
2928,48,599,0
2929,612,323,0
2930,523,567,0
2931,106,594,0
2932,481,83,0
2933,15,690,0
2934,271,391,0
2935,576,105,0
2936,330,71,0
2937,92,411,0
2938,224,507,0
2939,612,538,0
2940,482,148,0
2941,524,461,0
2942,59,115,0
2943,533,299,0
2944,439,63,0
2945,293,330,0
2946,430,695,0
2947,230,30,0
2948,137,165,0
2949,395,532,0
2950,359,522,0
2951,612,678,0
2952,614,583,0
2953,566,90,0
2954,612,594,0
2955,532,604,0
2956,375,534,0
2957,100,318,0
2958,497,241,0
2959,680,654,0
2960,325,553,0
2961,8,28,0
2962,118,297,0
2963,481,324,0
2964,375,703,0
2965,149,620,0
2966,668,654,0
2967,622,656,0
2968,605,117,0
2969,127,64,0
2970,330,417,0
2971,516,427,0
2972,668,514,0
2973,516,61,0
2974,2,100,0
2975,516,319,0
2976,126,441,0
2977,60,355,0
2978,311,129,0
2979,636,143,0
2980,511,398,0
2981,494,428,0
2982,62,205,0
2983,275,336,0
2984,282,58,0
2985,300,308,0
2986,623,226,0
2987,62,439,0
2988,406,613,0
2989,273,158,0
2990,628,327,0
2991,59,552,0
2992,533,564,0
2993,562,92,0
2994,588,357,0
2995,561,280,0
2996,42,15,0
2997,70,414,0
2998,624,563,0
2999,696,142,0
3000,57,382,0
3001,59,273,0
3002,39,387,0
3003,614,411,0
3004,199,685,0
3005,511,276,0
3006,125,167,0
3007,173,229,0
3008,481,464,0
3009,569,495,0
3010,137,126,0
3011,300,441,0
3012,37,236,0
3013,550,599,0
3014,434,191,0
3015,244,68,0
3016,209,638,0
3017,523,144,0
3018,494,86,0
3019,62,135,0
3020,177,458,0
3021,201,24,0
3022,242,650,0
3023,364,657,0
3024,501,184,0
3025,642,683,0
3026,353,604,0
3027,109,647,0
3028,481,700,0
3029,668,418,0
3030,459,241,0
3031,72,301,0
3032,245,214,0
3033,353,20,0
3034,588,464,0
3035,301,85,0
3036,194,273,0
3037,100,573,0
3038,242,265,0
3039,524,254,0
3040,508,167,0
3041,211,474,0
3042,246,688,0
3043,456,213,0
3044,537,623,0
3045,42,151,0
3046,311,249,0
3047,275,427,0
3048,620,603,0
3049,42,19,0
3050,305,576,0
3051,533,473,0
3052,404,185,0
3053,369,655,0
3054,273,571,0
3055,508,208,0
3056,106,61,0
3057,511,307,0
3058,305,229,0
3059,287,684,0
3060,426,499,0
3061,145,293,0
3062,433,358,0
3063,628,418,0
3064,650,41,0
3065,79,441,0
3066,173,271,0
3067,587,118,0
3068,37,306,0
3069,42,377,0
3070,330,440,0
3071,369,500,0
3072,680,251,0
3073,242,609,0
3074,566,207,0
3075,42,112,0
3076,561,674,0
3077,300,146,0
3078,29,305,0
3079,244,119,0
3080,173,627,0
3081,666,505,0
3082,497,272,0
3083,230,238,0
3084,589,9,0
3085,224,677,0
3086,501,442,0
3087,532,336,0
3088,282,11,0
3089,537,609,0
3090,534,656,0
3091,561,133,0
3092,502,4,0
3093,72,559,0
3094,209,230,0
3095,614,482,0
3096,497,519,0
3097,287,170,0
3098,518,444,0
3099,680,423,0
3100,177,51,0
3101,576,236,0
3102,532,634,0
3103,300,110,0
3104,642,255,0
3105,599,671,0
3106,259,466,0
3107,300,476,0
3108,59,534,0
3109,498,658,0
3110,458,617,0
3111,534,109,0
3112,518,320,0
3113,533,630,0
3114,433,166,0
3115,119,26,0
3116,620,56,0
3117,194,595,0
3118,569,233,0
3119,561,450,0
3120,299,257,0
3121,57,100,0
3122,224,672,0
3123,532,420,0
3124,680,500,0
3125,21,520,0
3126,696,502,0
3127,224,2,0
3128,245,14,0
3129,576,494,0
3130,194,613,0
3131,100,355,0
3132,611,574,0
3133,589,298,0
3134,554,1,0
3135,238,452,0
3136,430,387,0
3137,532,349,0
3138,259,194,0
3139,636,119,0
3140,284,488,0
3141,409,494,0
3142,352,288,0
3143,516,124,0
3144,652,328,0
3145,430,667,0
3146,652,23,0
3147,587,561,0
3148,618,353,0
3149,293,633,0
3150,692,619,0
3151,127,194,0
3152,325,17,0
3153,211,619,0
3154,593,234,0
3155,48,197,0
3156,203,40,0
3157,8,613,0
3158,458,269,0
3159,109,180,0
3160,177,94,0
3161,494,423,0
3162,532,263,0
3163,628,433,0
3164,173,341,0
3165,624,13,0
3166,494,33,0
3167,409,91,0
3168,60,694,0
3169,59,200,0
3170,518,19,0
3171,562,383,0
3172,353,30,0
3173,435,303,0
3174,82,148,0
3175,611,293,0
3176,395,222,0
3177,359,428,0
3178,561,500,0
3179,194,266,0
3180,82,19,0
3181,652,102,0
3182,246,423,0
3183,300,126,0
3184,79,331,0
3185,311,46,0
3186,611,569,0
3187,330,644,0
3188,624,637,0
3189,299,692,0
3190,293,569,0
3191,199,300,0
3192,696,92,0
3193,502,249,0
3194,556,392,0
3195,271,575,0
3196,453,702,0
3197,605,433,0
3198,230,108,0
3199,453,64,0
3200,21,185,0
3201,501,348,0
3202,692,56,0
3203,8,94,0
3204,244,528,0
3205,664,225,0
3206,369,257,0
3207,494,382,0
3208,497,14,0
3209,567,626,0
3210,575,531,0
3211,325,150,0
3212,194,511,0
3213,434,322,0
3214,550,102,0
3215,664,124,0
3216,359,437,0
3217,190,373,0
3218,60,387,0
3219,42,251,0
3220,589,2,0
3221,145,61,0
3222,238,552,0
3223,118,653,0
3224,511,146,0
3225,271,106,0
3226,497,240,0
3227,614,450,0
3228,325,630,0
3229,575,109,0
3230,37,295,0
3231,406,237,0
3232,149,266,0
3233,569,622,0
3234,300,193,0
3235,425,198,0
3236,406,536,0
3237,666,403,0
3238,435,569,0
3239,224,642,0
3240,119,462,0
3241,109,580,0
3242,300,365,0
3243,245,15,0
3244,589,394,0
3245,434,54,0
3246,434,668,0
3247,273,498,0
3248,224,703,0
3249,139,469,0
3250,425,185,0
3251,402,324,0
3252,668,233,0
3253,259,629,0
3254,501,167,0
3255,58,487,0
3256,518,556,0
3257,118,318,0
3258,532,357,0
3259,511,84,0
3260,72,411,0
3261,37,308,0
3262,79,291,0
3263,642,116,0
3264,556,80,0
3265,622,672,0
3266,118,293,0
3267,576,602,0
3268,508,605,0
3269,353,552,0
3270,282,638,0
3271,119,329,0
3272,273,417,0
3273,426,236,0
3274,477,643,0
3275,561,551,0
3276,330,171,0
3277,60,697,0
3278,246,245,0
3279,618,662,0
3280,497,52,0
3281,511,519,0
3282,48,320,0
3283,37,291,0
3284,550,695,0
3285,642,667,0
3286,364,394,0
3287,502,643,0
3288,203,204,0
3289,614,231,0
3290,273,685,0
3291,498,192,0
3292,501,439,0
3293,199,526,0
3294,425,52,0
3295,614,64,0
3296,498,516,0
3297,666,547,0
3298,533,447,0
3299,139,556,0
3300,494,203,0
3301,145,319,0
3302,497,485,0
3303,284,679,0
3304,623,33,0
3305,369,432,0
3306,82,475,0
3307,406,367,0
3308,605,550,0
3309,537,329,0
3310,614,167,0
3311,593,370,0
3312,623,170,0
3313,524,360,0
3314,247,642,0
3315,497,427,0
3316,57,497,0
3317,15,605,0
3318,664,337,0
3319,502,125,0
3320,118,550,0
3321,273,16,0
3322,624,187,0
3323,301,392,0
3324,2,311,0
3325,29,587,0
3326,126,272,0
3327,238,442,0
3328,242,520,0
3329,556,522,0
3330,411,690,0
3331,177,493,0
3332,680,15,0
3333,459,411,0
3334,106,194,0
3335,224,674,0
3336,247,657,0
3337,70,48,0
3338,624,90,0
3339,364,402,0
3340,238,235,0
3341,300,360,0
3342,244,217,0
3343,242,187,0
3344,411,236,0
3345,666,495,0
3346,511,479,0
3347,453,435,0
3348,273,290,0
3349,618,152,0
3350,82,414,0
3351,60,543,0
3352,106,382,0
3353,566,562,0
3354,194,90,0
3355,575,555,0
3356,125,340,0
3357,330,139,0
3358,352,613,0
3359,145,249,0
3360,127,162,0
3361,299,642,0
3362,369,379,0
3363,190,598,0
3364,106,380,0
3365,60,417,0
3366,58,299,0
3367,15,265,0
3368,636,282,0
3369,118,356,0
3370,301,425,0
3371,62,581,0
3372,482,658,0
3373,305,362,0
3374,523,67,0
3375,287,40,0
3376,556,630,0
3377,293,209,0
3378,593,217,0
3379,623,392,0
3380,125,277,0
3381,238,489,0
3382,411,130,0
3383,523,141,0
3384,481,81,0
3385,599,518,0
3386,119,206,0
3387,299,75,0
3388,126,231,0
3389,247,100,0
3390,230,43,0
3391,532,636,0
3392,137,381,0
3393,72,311,0
3394,364,122,0
3395,482,657,0
3396,482,684,0
3397,209,216,0
3398,118,200,0
3399,589,148,0
3400,622,17,0
3401,587,183,0
3402,369,187,0
3403,199,546,0
3404,287,137,0
3405,556,533,0
3406,481,33,0
3407,125,394,0
3408,518,462,0
3409,57,355,0
3410,666,473,0
3411,402,195,0
3412,680,4,0
3413,576,355,0
3414,67,508,0
3415,406,691,0
3416,561,609,0
3417,353,290,0
3418,194,660,0
3419,224,505,0
3420,325,444,0
3421,501,36,0
3422,612,419,0
3423,139,696,0
3424,203,628,0
3425,402,379,0
3426,72,541,0
3427,566,217,0
3428,139,511,0
3429,39,84,0
3430,359,619,0
3431,301,239,0
3432,567,358,0
3433,126,83,0
3434,58,388,0
3435,100,548,0
3436,199,415,0
3437,359,123,0
3438,37,489,0
3439,72,182,0
3440,139,599,0
3441,247,670,0
3442,92,631,0
3443,426,181,0
3444,139,402,0
3445,57,202,0
3446,330,133,0
3447,411,660,0
3448,42,640,0
3449,2,204,0
3450,562,590,0
3451,211,695,0
3452,39,646,0
3453,497,24,0
3454,456,205,0
3455,177,622,0
3456,650,141,0
3457,502,37,0
3458,118,555,0
3459,62,454,0
3460,588,87,0
3461,569,629,0
3462,623,535,0
3463,246,473,0
3464,375,333,0
3465,79,335,0
3466,439,54,0
3467,642,355,0
3468,273,402,0
3469,2,540,0
3470,511,240,0
3471,482,192,0
3472,301,666,0
3473,177,16,0
3474,425,319,0
3475,593,241,0
3476,618,473,0
3477,287,514,0
3478,57,647,0
3479,395,525,0
3480,62,109,0
3481,696,31,0
3482,425,16,0
3483,139,288,0
3484,293,586,0
3485,149,295,0
3486,456,464,0
3487,79,216,0
3488,177,440,0
3489,433,542,0
3490,481,512,0
3491,605,703,0
3492,119,86,0
3493,37,131,0
3494,562,362,0
3495,201,455,0
3496,537,148,0
3497,605,39,0
3498,39,509,0
3499,353,150,0
3500,593,427,0
3501,588,419,0
3502,58,26,0
3503,569,40,0
3504,458,313,0
3505,556,498,0
3506,458,633,0
3507,624,178,0
3508,42,332,0
3509,137,320,0
3510,244,101,0
3511,477,244,0
3512,139,216,0
3513,126,137,0
3514,201,20,0
3515,402,413,0
3516,534,468,0
3517,404,14,0
3518,425,321,0
3519,284,662,0
3520,364,461,0
3521,246,47,0
3522,622,421,0
3523,692,152,0
3524,508,463,0
3525,190,650,0
3526,498,359,0
3527,301,603,0
3528,190,47,0
3529,501,198,0
3530,556,126,0
3531,57,601,0
3532,433,329,0
3533,623,120,0
3534,696,331,0
3535,684,126,0
3536,127,444,0
3537,118,252,0
3538,623,566,0
3539,599,538,0
3540,411,538,0
3541,8,205,0
3542,434,26,0
3543,456,575,0
3544,567,466,0
3545,434,183,0
3546,48,667,0
3547,523,405,0
3548,666,501,0
3549,618,514,0
3550,194,160,0
3551,575,398,0
3552,501,150,0
3553,125,548,0
3554,402,87,0
3555,494,644,0
3556,79,607,0
3557,533,117,0
3558,680,571,0
3559,537,666,0
3560,668,204,0
3561,593,62,0
3562,33,701,0
3563,177,153,0
3564,305,70,0
3565,284,623,0
3566,593,670,0
3567,588,400,0
3568,650,131,0
3569,453,450,0
3570,482,416,0
3571,271,693,0
3572,589,423,0
3573,375,628,0
3574,33,226,0
3575,583,81,0
3576,127,25,0
3577,282,467,0
3578,569,684,0
3579,583,195,0
3580,39,93,0
3581,246,149,0
3582,494,659,0
3583,145,159,0
3584,8,503,0
3585,284,324,0
3586,299,664,0
3587,576,24,0
3588,453,160,0
3589,566,584,0
3590,109,666,0
3591,459,66,0
3592,453,637,0
3593,58,254,0
3594,224,520,0
3595,79,68,0
3596,209,191,0
3597,109,320,0
3598,271,96,0
3599,15,401,0
3600,305,191,0
3601,599,471,0
3602,593,573,0
3603,481,643,0
3604,524,404,0
3605,8,151,0
3606,242,354,0
3607,201,324,0
3608,106,681,0
3609,375,412,0
3610,118,667,0
3611,72,82,0
3612,666,441,0
3613,79,43,0
3614,79,658,0
3615,109,194,0
3616,567,318,0
3617,127,143,0
3618,284,11,0
3619,137,655,0
3620,126,204,0
3621,439,72,0
3622,352,75,0
3623,293,424,0
3624,692,103,0
3625,82,169,0
3626,126,614,0
3627,628,453,0
3628,352,447,0
3629,562,33,0
3630,352,541,0
3631,411,284,0
3632,72,651,0
3633,680,113,0
3634,118,448,0
3635,106,400,0
3636,453,317,0
3637,588,622,0
3638,620,530,0
3639,59,14,0
3640,70,426,0
3641,614,645,0
3642,246,350,0
3643,624,41,0
3644,518,371,0
3645,550,378,0
3646,247,17,0
3647,125,567,0
3648,576,495,0
3649,201,649,0
3650,516,49,0
3651,501,156,0
3652,534,276,0
3653,562,599,0
3654,692,59,0
3655,203,213,0
3656,271,458,0
3657,203,640,0
3658,48,436,0
3659,575,333,0
3660,311,335,0
3661,680,316,0
3662,209,503,0
3663,561,126,0
3664,330,281,0
3665,194,304,0
3666,624,100,0
3667,434,686,0
3668,305,32,0
3669,70,501,0
3670,48,40,0
3671,246,311,0
3672,458,632,0
3673,494,250,0
3674,532,584,0
3675,426,210,0
3676,125,578,0
3677,173,213,0
3678,599,243,0
3679,588,664,0
3680,242,61,0
3681,230,35,0
3682,494,140,0
3683,369,585,0
3684,259,505,0
3685,516,113,0
3686,247,49,0
3687,246,352,0
3688,406,9,0
3689,426,71,0
3690,325,99,0
3691,696,570,0
3692,109,645,0
3693,203,630,0
3694,402,398,0
3695,275,328,0
3696,562,385,0
3697,58,565,0
3698,211,71,0
3699,57,460,0
3700,532,377,0
3701,562,363,0
3702,127,577,0
3703,628,608,0
3704,145,625,0
3705,502,317,0
3706,537,576,0
3707,15,451,0
3708,246,575,0
3709,567,669,0
3710,587,655,0
3711,567,485,0
3712,137,17,0
3713,364,261,0
3714,119,227,0
3715,524,147,0
3716,534,29,0
3717,118,346,0
3718,247,245,0
3719,696,85,0
3720,668,119,0
3721,497,538,0
3722,554,398,0
3723,311,625,0
3724,628,695,0
3725,481,171,0
3726,137,9,0
3727,583,490,0
3728,42,65,0
3729,599,7,0
3730,433,129,0
3731,39,29,0
3732,244,232,0
3733,611,632,0
3734,459,695,0
3735,534,693,0
3736,537,680,0
3737,48,105,0
3738,353,446,0
3739,299,544,0
3740,284,43,0
3741,588,70,0
3742,29,617,0
3743,352,542,0
3744,523,147,0
3745,456,665,0
3746,642,607,0
3747,67,64,0
3748,92,666,0
3749,402,432,0
3750,109,468,0
3751,242,315,0
3752,139,543,0
3753,516,262,0
3754,8,394,0
3755,271,201,0
3756,684,197,0
3757,67,678,0
3758,650,516,0
3759,481,202,0
3760,566,576,0
3761,511,273,0
3762,524,667,0
3763,550,196,0
3764,395,643,0
3765,482,584,0
3766,547,338,0
3767,364,467,0
3768,518,429,0
3769,611,86,0
3770,149,326,0
3771,224,432,0
3772,612,58,0
3773,477,516,0
3774,524,317,0
3775,82,504,0
3776,244,196,0
3777,57,95,0
3778,173,399,0
3779,550,580,0
3780,533,64,0
3781,430,146,0
3782,426,544,0
3783,299,287,0
3784,628,410,0
3785,126,494,0
3786,620,599,0
3787,118,364,0
3788,247,428,0
3789,501,459,0
3790,60,496,0
3791,453,479,0
3792,583,625,0
3793,550,664,0
3794,666,48,0
3795,67,337,0
3796,605,341,0
3797,287,370,0
3798,614,511,0
3799,589,660,0
3800,642,573,0
3801,481,373,0
3802,67,359,0
3803,508,273,0
3804,60,377,0
3805,652,499,0
3806,42,601,0
3807,518,530,0
3808,173,63,0
3809,224,457,0
3810,72,12,0
3811,67,177,0
3812,106,119,0
3813,325,0,0
3814,100,481,0
3815,652,107,0
3816,664,489,0
3817,404,18,0
3818,684,487,0
3819,664,535,0
3820,67,139,0
3821,575,274,0
3822,620,593,0
3823,508,612,0
3824,623,438,0
3825,589,3,0
3826,404,229,0
3827,287,145,0
3828,273,14,0
3829,42,407,0
3830,8,645,0
3831,139,694,0
3832,190,390,0
3833,614,593,0
3834,211,609,0
3835,301,446,0
3836,532,575,0
3837,82,686,0
3838,511,258,0
3839,137,399,0
3840,623,361,0
3841,547,386,0
3842,524,515,0
3843,300,263,0
3844,502,493,0
3845,194,452,0
3846,497,159,0
3847,39,297,0
3848,60,215,0
3849,67,190,0
3850,305,565,0
3851,459,462,0
3852,533,265,0
3853,516,487,0
3854,149,169,0
3855,247,18,0
3856,561,479,0
3857,566,538,0
3858,567,257,0
3859,325,372,0
3860,311,559,0
3861,177,684,0
3862,311,644,0
3863,550,58,0
3864,409,4,0
3865,21,561,0
3866,199,350,0
3867,311,40,0
3868,106,133,0
3869,353,312,0
3870,137,585,0
3871,569,547,0
3872,477,256,0
3873,201,237,0
3874,556,532,0
3875,145,313,0
3876,622,186,0
3877,537,136,0
3878,8,586,0
3879,125,18,0
3880,246,437,0
3881,211,252,0
3882,620,507,0
3883,173,337,0
3884,353,159,0
3885,406,315,0
3886,456,559,0
3887,406,552,0
3888,246,506,0
3889,430,381,0
3890,137,360,0
3891,404,163,0
3892,459,303,0
3893,42,585,0
3894,126,335,0
3895,369,668,0
3896,33,151,0
3897,523,526,0
3898,550,52,0
3899,190,145,0
3900,411,66,0
3901,275,583,0
3902,282,365,0
3903,477,678,0
3904,402,558,0
3905,325,345,0
3906,411,177,0
3907,59,10,0
3908,125,208,0
3909,375,689,0
3910,352,368,0
3911,605,603,0
3912,561,87,0
3913,497,393,0
3914,402,242,0
3915,209,12,0
3916,126,496,0
3917,224,564,0
3918,518,583,0
3919,614,140,0
3920,533,332,0
3921,453,675,0
3922,359,76,0
3923,203,460,0
3924,209,111,0
3925,623,516,0
3926,149,571,0
3927,92,382,0
3928,300,668,0
3929,300,562,0
3930,567,594,0
3931,275,667,0
3932,611,529,0
3933,623,540,0
3934,668,329,0
3935,39,561,0
3936,106,500,0
3937,402,283,0
3938,425,293,0
3939,459,413,0
3940,518,96,0
3941,137,123,0
3942,532,672,0
3943,21,168,0
3944,576,147,0
3945,561,49,0
3946,554,229,0
3947,554,633,0
3948,177,454,0
3949,518,232,0
3950,247,474,0
3951,92,172,0
3952,494,49,0
3953,42,292,0
3954,300,54,0
3955,275,69,0
3956,459,79,0
3957,149,681,0
3958,569,635,0
3959,516,482,0
3960,622,129,0
3961,230,71,0
3962,369,56,0
3963,547,93,0
3964,599,674,0
3965,593,208,0
3966,300,585,0
3967,622,140,0
3968,271,330,0
3969,668,251,0
3970,177,101,0
3971,433,91,0
3972,599,702,0
3973,435,502,0
3974,62,229,0
3975,190,517,0
3976,498,138,0
3977,508,380,0
3978,39,180,0
3979,477,587,0
3980,589,464,0
3981,404,104,0
3982,139,329,0
3983,537,263,0
3984,284,187,0
3985,482,354,0
3986,406,303,0
3987,696,144,0
3988,498,458,0
3989,453,465,0
3990,636,469,0
3991,211,354,0
3992,433,163,0
3993,430,478,0
3994,242,657,0
3995,425,137,0
3996,137,264,0
3997,575,559,0
3998,593,54,0
3999,375,609,0
4000,628,249,0
4001,589,539,0
4002,311,71,0
4003,605,638,0
4004,177,282,0
4005,482,504,0
4006,680,402,0
4007,79,210,0
4008,364,65,0
4009,293,363,0
4010,636,269,0
4011,300,328,0
4012,666,140,0
4013,518,52,0
4014,684,652,0
4015,593,149,0
4016,271,372,0
4017,562,267,0
4018,59,160,0
4019,652,449,0
4020,247,96,0
4021,106,307,0
4022,498,245,0
4023,287,586,0
4024,402,250,0
4025,599,500,0
4026,247,148,0
4027,477,354,0
4028,194,441,0
4029,139,477,0
4030,569,310,0
4031,664,351,0
4032,612,49,0
4033,293,286,0
4034,375,192,0
4035,620,69,0
4036,668,635,0
4037,29,125,0
4038,57,60,0
4039,364,25,0
4040,618,590,0
4041,67,262,0
4042,60,263,0
4043,622,544,0
4044,502,392,0
4045,561,320,0
4046,668,550,0
4047,369,151,0
4048,238,502,0
4049,224,546,0
4050,599,462,0
4051,194,477,0
4052,498,412,0
4053,666,249,0
4054,524,590,0
4055,599,119,0
4056,244,180,0
4057,576,17,0
4058,537,631,0
4059,72,430,0
4060,199,552,0
4061,453,214,0
4062,650,277,0
4063,518,14,0
4064,696,697,0
4065,567,389,0
4066,201,49,0
4067,583,449,0
4068,353,680,0
4069,599,478,0
4070,301,526,0
4071,259,257,0
4072,57,631,0
4073,58,330,0
4074,411,77,0
4075,532,27,0
4076,59,185,0
4077,409,370,0
4078,395,580,0
4079,518,48,0
4080,199,557,0
4081,593,596,0
4082,48,191,0
4083,622,556,0
4084,576,211,0
4085,668,593,0
4086,650,173,0
4087,305,51,0
4088,224,95,0
4089,434,352,0
4090,58,185,0
4091,426,621,0
4092,311,169,0
4093,190,607,0
4094,127,312,0
4095,497,170,0
4096,60,88,0
4097,359,353,0
4098,623,5,0
4099,567,53,0
4100,106,319,0
4101,611,76,0
4102,556,29,0
4103,247,258,0
4104,611,567,0
4105,369,265,0
4106,533,650,0
4107,494,124,0
4108,576,201,0
4109,666,327,0
4110,275,536,0
4111,59,41,0
4112,583,175,0
4113,575,328,0
4114,287,158,0
4115,605,198,0
4116,284,617,0
4117,369,132,0
4118,301,507,0
4119,533,553,0
4120,39,143,0
4121,439,703,0
4122,352,56,0
4123,623,579,0
4124,622,177,0
4125,611,388,0
4126,599,165,0
4127,70,4,0
4128,411,522,0
4129,508,533,0
4130,425,72,0
4131,406,519,0
4132,245,634,0
4133,211,668,0
4134,576,608,0
4135,21,655,0
4136,8,177,0
4137,224,622,0
4138,299,372,0
4139,696,575,0
4140,118,44,0
4141,127,145,0
4142,575,195,0
4143,636,97,0
4144,395,439,0
4145,575,621,0
4146,300,504,0
4147,2,177,0
4148,21,563,0
4149,230,329,0
4150,369,121,0
4151,636,2,0
4152,612,264,0
4153,404,464,0
4154,430,83,0
4155,561,347,0
4156,8,140,0
4157,118,388,0
4158,459,50,0
4159,696,631,0
4160,100,61,0
4161,67,567,0
4162,566,277,0
4163,21,329,0
4164,458,529,0
4165,118,552,0
4166,409,277,0
4167,605,44,0
4168,569,78,0
4169,680,441,0
4170,137,57,0
4171,364,681,0
4172,481,36,0
4173,569,291,0
4174,305,595,0
4175,622,520,0
4176,533,106,0
4177,282,57,0
4178,575,87,0
4179,537,637,0
4180,624,211,0
4181,614,389,0
4182,300,460,0
4183,92,662,0
4184,554,622,0
4185,145,689,0
4186,67,367,0
4187,173,108,0
4188,259,661,0
4189,426,106,0
4190,628,176,0
4191,537,226,0
4192,605,535,0
4193,439,657,0
4194,668,110,0
4195,395,228,0
4196,587,98,0
4197,275,147,0
4198,301,438,0
4199,430,312,0
4200,224,127,0
4201,311,516,0
4202,624,621,0
4203,359,183,0
4204,246,24,0
4205,79,460,0
4206,569,501,0
4207,532,482,0
4208,425,400,0
4209,494,229,0
4210,353,425,0
4211,576,636,0
4212,299,545,0
4213,636,155,0
4214,70,573,0
4215,224,140,0
4216,244,445,0
4217,299,565,0
4218,359,588,0
4219,562,109,0
4220,275,44,0
4221,537,662,0
4222,42,5,0
4223,282,62,0
4224,92,602,0
4225,37,497,0
4226,426,99,0
4227,70,518,0
4228,477,127,0
4229,453,95,0
4230,305,177,0
4231,352,195,0
4232,100,480,0
4233,118,94,0
4234,458,394,0
4235,533,676,0
4236,537,246,0
4237,537,513,0
4238,624,344,0
4239,305,701,0
4240,599,28,0
4241,547,330,0
4242,271,340,0
4243,300,442,0
4244,190,482,0
4245,82,235,0
4246,352,339,0
4247,583,41,0
4248,618,524,0
4249,190,160,0
4250,575,423,0
4251,494,313,0
4252,508,256,0
4253,624,220,0
4254,177,164,0
4255,82,616,0
4256,67,270,0
4257,566,289,0
4258,224,430,0
4259,48,680,0
4260,404,568,0
4261,477,102,0
4262,611,656,0
4263,42,579,0
4264,199,446,0
4265,42,684,0
4266,139,338,0
4267,199,184,0
4268,230,249,0
4269,680,460,0
4270,203,258,0
4271,481,145,0
4272,259,214,0
4273,666,300,0
4274,70,678,0
4275,664,306,0
4276,453,605,0
4277,562,341,0
4278,57,592,0
4279,149,177,0
4280,118,113,0
4281,79,221,0
4282,395,137,0
4283,652,634,0
4284,406,564,0
4285,664,453,0
4286,139,90,0
4287,92,318,0
4288,680,492,0
4289,425,172,0
4290,547,681,0
4291,238,387,0
4292,556,467,0
4293,145,306,0
4294,696,595,0
4295,696,603,0
4296,642,0,0
4297,523,548,0
4298,211,596,0
4299,8,595,0
4300,246,384,0
4301,42,452,0
4302,375,236,0
4303,458,336,0
4304,209,35,0
4305,82,254,0
4306,628,314,0
4307,301,50,0
4308,375,128,0
4309,190,532,0
4310,82,374,0
4311,33,633,0
4312,684,101,0
4313,576,273,0
4314,201,229,0
4315,359,686,0
4316,72,500,0
4317,652,94,0
4318,246,214,0
4319,369,482,0
4320,650,357,0
4321,82,690,0
4322,82,655,0
4323,199,456,0
4324,149,47,0
4325,57,219,0
4326,21,521,0
4327,259,436,0
4328,62,347,0
4329,125,11,0
4330,556,40,0
4331,209,206,0
4332,37,617,0
4333,353,126,0
4334,190,672,0
4335,125,212,0
4336,301,260,0
4337,642,497,0
4338,501,398,0
4339,37,80,0
4340,59,196,0
4341,325,96,0
4342,127,698,0
4343,642,572,0
4344,299,175,0
4345,311,604,0
4346,561,111,0
4347,477,388,0
4348,139,74,0
4349,650,112,0
4350,477,636,0
4351,587,356,0
4352,100,638,0
4353,425,17,0
4354,60,701,0
4355,300,367,0
4356,459,468,0
4357,293,454,0
4358,284,301,0
4359,664,588,0
4360,282,338,0
4361,623,703,0
4362,325,167,0
4363,622,593,0
4364,82,316,0
4365,247,306,0
4366,247,442,0
4367,67,474,0
4368,477,176,0
4369,299,433,0
4370,275,400,0
4371,119,600,0
4372,209,109,0
4373,245,386,0
4374,149,70,0
4375,624,263,0
4376,33,495,0
4377,79,351,0
4378,642,550,0
4379,305,207,0
4380,533,390,0
4381,642,140,0
4382,39,535,0
4383,622,193,0
4384,537,604,0
4385,481,511,0
4386,203,345,0
4387,583,495,0
4388,106,531,0
4389,42,46,0
4390,628,388,0
4391,511,391,0
4392,605,192,0
4393,569,356,0
4394,497,13,0
4395,72,226,0
4396,60,545,0
4397,593,218,0
4398,498,585,0
4399,567,550,0
4400,21,406,0
4401,15,289,0
4402,100,32,0
4403,273,572,0
4404,459,113,0
4405,562,565,0
4406,60,120,0
4407,62,269,0
4408,666,362,0
4409,434,484,0
4410,21,343,0
4411,211,97,0
4412,199,170,0
4413,92,594,0
4414,636,293,0
4415,664,233,0
4416,566,446,0
4417,282,388,0
4418,79,370,0
4419,125,396,0
4420,247,126,0
4421,72,296,0
4422,106,316,0
4423,58,599,0
4424,502,290,0
4425,532,182,0
4426,21,352,0
4427,439,386,0
4428,435,594,0
4429,70,420,0
4430,245,637,0
4431,29,218,0
4432,48,2,0
4433,430,80,0
4434,642,146,0
4435,209,150,0
4436,628,540,0
4437,149,146,0
4438,149,31,0
4439,494,146,0
4440,435,324,0
4441,614,647,0
4442,524,135,0
4443,57,617,0
4444,532,175,0
4445,664,144,0
4446,33,260,0
4447,190,400,0
4448,516,396,0
4449,692,332,0
4450,502,278,0
4451,623,530,0
4452,502,191,0
4453,497,341,0
4454,628,600,0
4455,60,389,0
4456,224,414,0
4457,8,198,0
4458,62,282,0
4459,593,483,0
4460,650,238,0
4461,33,442,0
4462,211,623,0
4463,79,691,0
4464,430,445,0
4465,435,367,0
4466,199,171,0
4467,453,701,0
4468,33,539,0
4469,39,232,0
4470,299,137,0
4471,100,425,0
4472,459,251,0
4473,224,405,0
4474,524,66,0
4475,100,230,0
4476,569,11,0
4477,439,448,0
4478,173,311,0
4479,230,327,0
4480,550,233,0
4481,199,524,0
4482,569,227,0
4483,518,214,0
4484,282,311,0
4485,518,325,0
4486,118,352,0
4487,106,425,0
4488,293,371,0
4489,516,132,0
4490,508,118,0
4491,453,462,0
4492,664,188,0
4493,664,415,0
4494,523,129,0
4495,127,477,0
4496,588,383,0
4497,293,491,0
4498,562,580,0
4499,311,589,0
4500,569,137,0
4501,409,529,0
4502,547,616,0
4503,375,675,0
4504,199,223,0
4505,92,19,0
4506,287,337,0
4507,433,99,0
4508,118,258,0
4509,245,288,0
4510,556,701,0
4511,275,274,0
4512,301,67,0
4513,664,488,0
4514,533,276,0
4515,247,547,0
4516,300,520,0
4517,299,583,0
4518,684,73,0
4519,547,132,0
4520,664,471,0
4521,203,521,0
4522,567,264,0
4523,287,591,0
4524,430,616,0
4525,477,198,0
4526,498,13,0
4527,15,643,0
4528,8,146,0
4529,628,461,0
4530,60,491,0
4531,684,271,0
4532,576,367,0
4533,59,50,0
4534,149,333,0
4535,696,665,0
4536,589,230,0
4537,352,401,0
4538,325,246,0
4539,238,578,0
4540,209,639,0
4541,126,168,0
4542,477,131,0
4543,299,427,0
4544,119,394,0
4545,119,429,0
4546,284,212,0
4547,305,433,0
4548,404,136,0
4549,92,188,0
4550,498,248,0
4551,203,407,0
4552,67,324,0
4553,518,432,0
4554,173,650,0
4555,57,638,0
4556,523,286,0
4557,375,329,0
4558,589,626,0
4559,692,602,0
4560,456,339,0
4561,692,339,0
4562,244,549,0
4563,48,364,0
4564,177,486,0
4565,203,160,0
4566,409,90,0
4567,459,336,0
4568,203,355,0
4569,533,143,0
4570,118,33,0
4571,369,233,0
4572,498,490,0
4573,72,525,0
4574,458,536,0
4575,100,148,0
4576,109,643,0
4577,498,615,0
4578,330,694,0
4579,650,644,0
4580,301,17,0
4581,620,460,0
4582,409,439,0
4583,203,45,0
4584,532,624,0
4585,642,547,0
4586,439,492,0
4587,453,549,0
4588,583,344,0
4589,684,483,0
4590,369,1,0
4591,29,417,0
4592,430,288,0
4593,126,121,0
4594,599,412,0
4595,149,699,0
4596,364,200,0
4597,259,449,0
4598,199,384,0
4599,404,321,0
4600,516,121,0
4601,271,232,0
4602,556,564,0
4603,576,549,0
4604,299,343,0
4605,224,126,0
4606,33,392,0
4607,453,568,0
4608,456,280,0
4609,668,600,0
4610,82,327,0
4611,209,68,0
4612,37,368,0
4613,411,375,0
4614,259,371,0
4615,566,549,0
4616,593,68,0
4617,275,171,0
4618,593,591,0
4619,550,295,0
4620,137,339,0
4621,692,591,0
4622,245,656,0
4623,246,377,0
4624,126,550,0
4625,57,247,0
4626,508,439,0
4627,259,517,0
4628,494,231,0
4629,404,429,0
4630,177,401,0
4631,127,625,0
4632,576,342,0
4633,119,52,0
4634,39,165,0
4635,126,436,0
4636,406,526,0
4637,21,276,0
4638,567,0,0
4639,624,529,0
4640,404,477,0
4641,409,450,0
4642,618,685,0
4643,37,701,0
4644,508,328,0
4645,426,60,0
4646,282,400,0
4647,554,510,0
4648,299,668,0
4649,566,36,0
4650,29,627,0
4651,70,693,0
4652,352,315,0
4653,48,446,0
4654,246,307,0
4655,411,178,0
4656,72,303,0
4657,550,645,0
4658,29,252,0
4659,624,120,0
4660,554,4,0
4661,502,32,0
4662,458,689,0
4663,534,74,0
4664,60,133,0
4665,59,693,0
4666,433,66,0
4667,300,408,0
4668,190,446,0
4669,375,658,0
4670,459,237,0
4671,587,238,0
4672,106,562,0
4673,395,519,0
4674,72,332,0
4675,620,214,0
4676,287,478,0
4677,275,467,0
4678,534,140,0
4679,456,488,0
4680,494,628,0
4681,664,373,0
4682,456,266,0
4683,311,272,0
4684,282,579,0
4685,137,37,0
4686,439,621,0
4687,622,688,0
4688,614,364,0
4689,650,49,0
4690,305,340,0
4691,67,607,0
4692,599,235,0
4693,242,57,0
4694,537,287,0
4695,311,634,0
4696,2,598,0
4697,425,591,0
4698,605,163,0
4699,238,272,0
4700,21,360,0
4701,238,102,0
4702,245,585,0
4703,494,343,0
4704,566,297,0
4705,230,672,0
4706,453,134,0
4707,589,555,0
4708,287,588,0
4709,244,623,0
4710,247,575,0
4711,8,268,0
4712,532,685,0
4713,79,694,0
4714,125,284,0
4715,406,82,0
4716,145,336,0
4717,624,346,0
4718,587,340,0
4719,692,703,0
4720,523,386,0
4721,199,506,0
4722,29,115,0
4723,79,220,0
4724,273,565,0
4725,692,412,0
4726,533,43,0
4727,70,437,0
4728,177,250,0
4729,273,144,0
4730,100,472,0
4731,624,512,0
4732,173,166,0
4733,611,299,0
4734,497,5,0
4735,404,425,0
4736,435,401,0
4737,275,603,0
4738,620,306,0
4739,139,264,0
4740,612,520,0
4741,550,377,0
4742,561,328,0
4743,508,39,0
4744,481,547,0
4745,433,312,0
4746,567,133,0
4747,211,141,0
4748,404,255,0
4749,82,321,0
4750,502,614,0
4751,353,489,0
4752,369,314,0
4753,301,491,0
4754,576,155,0
4755,259,621,0
4756,15,367,0
4757,42,576,0
4758,561,6,0
4759,642,52,0
4760,246,133,0
4761,402,483,0
4762,48,671,0
4763,426,455,0
4764,511,529,0
4765,33,422,0
4766,593,320,0
4767,402,252,0
4768,554,44,0
4769,434,564,0
4770,353,614,0
4771,29,286,0
4772,127,10,0
4773,547,385,0
4774,145,118,0
4775,435,39,0
4776,684,519,0
4777,70,43,0
4778,60,242,0
4779,624,404,0
4780,433,352,0
4781,642,489,0
4782,293,530,0
4783,497,107,0
4784,652,349,0
4785,305,651,0
4786,550,450,0
4787,33,698,0
4788,299,517,0
4789,282,612,0
4790,664,619,0
4791,67,539,0
4792,211,491,0
4793,57,8,0
4794,359,311,0
4795,508,46,0
4796,106,669,0
4797,508,514,0
4798,511,320,0
4799,534,465,0
4800,21,437,0
4801,575,127,0
4802,554,178,0
4803,537,496,0
4804,562,185,0
4805,696,77,0
4806,666,399,0
4807,612,30,0
4808,624,549,0
4809,523,611,0
4810,211,618,0
4811,567,599,0
4812,636,336,0
4813,523,630,0
4814,57,643,0
4815,696,688,0
4816,238,597,0
4817,599,141,0
4818,612,407,0
4819,502,454,0
4820,352,592,0
4821,556,129,0
4822,259,610,0
4823,696,430,0
4824,282,621,0
4825,498,114,0
4826,622,100,0
4827,230,60,0
4828,668,112,0
4829,666,579,0
4830,497,422,0
4831,284,354,0
4832,59,419,0
4833,58,293,0
4834,59,655,0
4835,620,452,0
4836,70,448,0
4837,668,598,0
4838,569,139,0
4839,245,198,0
4840,477,298,0
4841,425,386,0
4842,620,74,0
4843,456,370,0
4844,325,397,0
4845,567,454,0
4846,404,392,0
4847,524,64,0
4848,211,165,0
4849,620,107,0
4850,562,579,0
4851,614,252,0
4852,58,108,0
4853,118,217,0
4854,533,438,0
4855,375,444,0
4856,375,475,0
4857,33,521,0
4858,458,205,0
4859,284,562,0
4860,567,38,0
4861,642,619,0
4862,650,220,0
4863,569,221,0
4864,534,636,0
4865,406,291,0
4866,524,347,0
4867,305,255,0
4868,482,280,0
4869,15,625,0
4870,2,313,0
4871,599,352,0
4872,696,185,0
4873,245,32,0
4874,57,7,0
4875,395,674,0
4876,33,581,0
4877,406,520,0
4878,666,308,0
4879,137,145,0
4880,425,197,0
4881,109,73,0
4882,244,193,0
4883,173,571,0
4884,62,385,0
4885,325,186,0
4886,556,13,0
4887,453,544,0
4888,628,475,0
4889,173,504,0
4890,369,134,0
4891,537,103,0
4892,516,453,0
4893,39,319,0
4894,664,400,0
4895,353,636,0
4896,109,542,0
4897,589,540,0
4898,149,412,0
4899,458,161,0
4900,411,324,0
4901,482,32,0
4902,599,575,0
4903,139,236,0
4904,194,507,0
4905,575,224,0
4906,624,194,0
4907,48,696,0
4908,273,272,0
4909,409,54,0
4910,524,626,0
4911,100,513,0
4912,244,262,0
4913,177,630,0
4914,247,604,0
4915,561,523,0
4916,145,589,0
4917,430,103,0
4918,301,285,0
4919,59,357,0
4920,273,645,0
4921,60,659,0
4922,652,326,0
4923,59,2,0
4924,404,272,0
4925,623,446,0
4926,42,346,0
4927,435,581,0
4928,575,338,0
4929,411,410,0
4930,435,429,0
4931,642,659,0
4932,79,171,0
4933,534,380,0
4934,211,168,0
4935,614,316,0
4936,137,7,0
4937,106,472,0
4938,458,305,0
4939,282,267,0
4940,494,461,0
4941,311,257,0
4942,369,366,0
4943,409,46,0
4944,177,275,0
4945,599,70,0
4946,127,201,0
4947,284,281,0
4948,593,27,0
4949,583,158,0
4950,453,494,0
4951,190,635,0
4952,203,188,0
4953,211,683,0
4954,57,342,0
4955,650,74,0
4956,434,418,0
4957,330,107,0
4958,593,211,0
4959,224,228,0
4960,642,308,0
4961,456,682,0
4962,622,669,0
4963,125,697,0
4964,524,196,0
4965,605,421,0
4966,593,36,0
4967,411,196,0
4968,58,228,0
4969,680,258,0
4970,273,683,0
4971,72,532,0
4972,518,634,0
4973,369,425,0
4974,623,564,0
4975,352,574,0
4976,404,517,0
4977,364,699,0
4978,242,230,0
4979,680,393,0
4980,203,501,0
4981,100,97,0
4982,259,244,0
4983,201,386,0
4984,497,297,0
4985,652,370,0
4986,434,682,0
4987,311,65,0
4988,523,615,0
4989,430,45,0
4990,2,624,0
4991,547,631,0
4992,247,698,0
4993,523,261,0
4994,624,540,0
4995,696,167,0
4996,502,523,0
4997,453,301,0
4998,494,661,0
4999,624,280,0
5000,425,523,0
5001,532,138,0
5002,518,553,0
5003,611,621,0
5004,556,538,0
5005,273,678,0
5006,119,543,0
5007,352,561,0
5008,430,39,0
5009,532,167,0
5010,247,518,0
5011,537,351,0
5012,498,212,0
5013,439,38,0
5014,246,174,0
5015,106,386,0
5016,425,499,0
5017,395,623,0
5018,33,688,0
5019,628,57,0
5020,375,666,0
5021,305,81,0
5022,587,49,0
5023,300,197,0
5024,550,259,0
5025,284,369,0
5026,79,48,0
5027,624,463,0
5028,426,264,0
5029,593,223,0
5030,238,51,0
5031,516,661,0
5032,62,387,0
5033,430,184,0
5034,547,628,0
5035,576,421,0
5036,498,379,0
5037,532,381,0
5038,680,601,0
5039,498,88,0
5040,650,568,0
5041,567,327,0
5042,439,328,0
5043,516,81,0
5044,622,78,0
5045,402,522,0
5046,642,37,0
5047,60,703,0
5048,599,398,0
5049,409,586,0
5050,59,390,0
5051,8,675,0
5052,353,191,0
5053,402,563,0
5054,126,573,0
5055,554,399,0
5056,532,387,0
5057,199,288,0
5058,623,91,0
5059,224,694,0
5060,482,608,0
5061,106,202,0
5062,203,186,0
5063,62,302,0
5064,359,99,0
5065,100,173,0
5066,518,579,0
5067,481,496,0
5068,642,665,0
5069,57,174,0
5070,137,163,0
5071,109,259,0
5072,481,442,0
5073,37,318,0
5074,614,90,0
5075,497,296,0
5076,369,476,0
5077,556,39,0
5078,203,432,0
5079,650,339,0
5080,666,103,0
5081,247,483,0
5082,82,22,0
5083,190,362,0
5084,352,102,0
5085,502,315,0
5086,145,146,0
5087,201,690,0
5088,48,60,0
5089,426,218,0
5090,127,132,0
5091,458,246,0
5092,199,669,0
5093,425,225,0
5094,330,142,0
5095,58,534,0
5096,435,216,0
5097,652,433,0
5098,359,8,0
5099,589,162,0
5100,125,292,0
5101,359,285,0
5102,190,634,0
5103,588,365,0
5104,284,220,0
5105,532,442,0
5106,139,1,0
5107,569,372,0
5108,494,301,0
5109,203,401,0
5110,224,270,0
5111,406,679,0
5112,523,36,0
5113,287,210,0
5114,305,508,0
5115,684,369,0
5116,100,528,0
5117,106,234,0
5118,48,588,0
5119,190,36,0
5120,353,375,0
5121,402,166,0
5122,680,600,0
5123,190,78,0
5124,502,659,0
5125,481,74,0
5126,593,478,0
5127,692,421,0
5128,21,529,0
5129,587,164,0
5130,409,688,0
5131,57,541,0
5132,62,190,0
5133,8,512,0
5134,118,474,0
5135,622,105,0
5136,109,436,0
5137,149,399,0
5138,259,124,0
5139,566,606,0
5140,624,534,0
5141,92,100,0
5142,70,398,0
5143,511,624,0
5144,275,202,0
5145,48,381,0
5146,456,276,0
5147,325,234,0
5148,48,697,0
5149,622,76,0
5150,70,59,0
5151,642,475,0
5152,435,660,0
5153,330,461,0
5154,106,486,0
5155,618,427,0
5156,425,309,0
5157,395,452,0
5158,79,572,0
5159,406,605,0
5160,636,78,0
5161,230,276,0
5162,518,194,0
5163,456,519,0
5164,426,395,0
5165,620,261,0
5166,554,686,0
5167,556,27,0
5168,199,351,0
5169,614,379,0
5170,118,440,0
5171,537,51,0
5172,245,168,0
5173,550,225,0
5174,556,133,0
5175,149,436,0
5176,533,432,0
5177,636,661,0
5178,692,204,0
5179,203,700,0
5180,593,387,0
5181,456,48,0
5182,119,79,0
5183,518,484,0
5184,547,652,0
5185,593,475,0
5186,622,142,0
5187,622,88,0
5188,72,264,0
5189,242,295,0
5190,273,284,0
5191,650,258,0
5192,569,214,0
5193,29,253,0
5194,664,665,0
5195,556,264,0
5196,692,651,0
5197,67,369,0
5198,273,120,0
5199,203,284,0
5200,508,337,0
5201,301,179,0
5202,562,586,0
5203,2,287,0
5204,127,685,0
5205,439,143,0
5206,435,457,0
5207,42,619,0
5208,48,109,0
5209,537,241,0
5210,106,620,0
5211,666,545,0
5212,605,12,0
5213,556,148,0
5214,459,554,0
5215,139,91,0
5216,576,598,0
5217,623,92,0
5218,623,213,0
5219,59,5,0
5220,534,592,0
5221,402,695,0
5222,533,151,0
5223,456,94,0
5224,238,334,0
5225,566,388,0
5226,605,76,0
5227,566,28,0
5228,482,616,0
5229,477,124,0
5230,190,95,0
5231,402,675,0
5232,375,478,0
5233,67,401,0
5234,537,107,0
5235,109,490,0
5236,435,4,0
5237,230,525,0
5238,623,186,0
5239,173,272,0
5240,173,439,0
5241,588,582,0
5242,126,336,0
5243,547,539,0
5244,173,437,0
5245,537,393,0
5246,498,401,0
5247,425,613,0
5248,246,593,0
5249,118,657,0
5250,453,8,0
5251,325,698,0
5252,554,121,0
5253,287,600,0
5254,518,40,0
5255,650,178,0
5256,15,332,0
5257,190,19,0
5258,430,303,0
5259,614,248,0
5260,369,523,0
5261,537,171,0
5262,72,455,0
5263,453,562,0
5264,508,3,0
5265,301,511,0
5266,29,457,0
5267,664,149,0
5268,273,576,0
5269,664,3,0
5270,287,435,0
5271,426,527,0
5272,524,613,0
5273,100,636,0
5274,518,525,0
5275,42,154,0
5276,177,430,0
5277,516,632,0
5278,434,453,0
5279,149,244,0
5280,622,107,0
5281,244,314,0
5282,82,78,0
5283,242,600,0
5284,532,149,0
5285,618,236,0
5286,402,260,0
5287,532,353,0
5288,605,418,0
5289,8,334,0
5290,48,95,0
5291,92,326,0
5292,477,584,0
5293,406,139,0
5294,145,606,0
5295,395,384,0
5296,282,694,0
5297,352,241,0
5298,562,277,0
5299,301,140,0
5300,680,280,0
5301,190,50,0
5302,516,472,0
5303,569,164,0
5304,618,502,0
5305,456,444,0
5306,100,669,0
5307,435,450,0
5308,293,382,0
5309,501,684,0
5310,605,272,0
5311,62,216,0
5312,242,581,0
5313,502,176,0
5314,395,70,0
5315,624,518,0
5316,477,609,0
5317,82,336,0
5318,589,27,0
5319,15,373,0
5320,482,680,0
5321,82,28,0
5322,537,441,0
5323,21,507,0
5324,425,437,0
5325,72,269,0
5326,518,269,0
5327,238,405,0
5328,569,362,0
5329,623,606,0
5330,106,70,0
5331,211,407,0
5332,628,173,0
5333,593,683,0
5334,137,98,0
5335,33,360,0
5336,67,476,0
5337,325,79,0
5338,245,252,0
5339,605,129,0
5340,48,192,0
5341,109,211,0
5342,588,577,0
5343,497,76,0
5344,537,518,0
5345,622,240,0
5346,48,397,0
5347,79,157,0
5348,456,115,0
5349,305,371,0
5350,576,10,0
5351,325,54,0
5352,668,605,0
5353,238,610,0
5354,72,454,0
5355,622,659,0
5356,2,383,0
5357,139,11,0
5358,611,18,0
5359,477,19,0
5360,299,658,0
5361,21,392,0
5362,224,160,0
5363,82,72,0
5364,300,71,0
5365,244,3,0
5366,696,12,0
5367,628,510,0
5368,411,490,0
5369,508,105,0
5370,311,655,0
5371,684,87,0
5372,433,379,0
5373,668,613,0
5374,425,59,0
5375,330,64,0
5376,588,157,0
5377,177,575,0
5378,402,519,0
5379,502,452,0
5380,177,80,0
5381,62,67,0
5382,211,423,0
5383,433,276,0
5384,70,213,0
5385,406,509,0
5386,62,517,0
5387,628,394,0
5388,199,43,0
5389,508,289,0
5390,550,6,0
5391,201,362,0
5392,589,456,0
5393,271,644,0
5394,293,87,0
5395,508,627,0
5396,72,199,0
5397,119,210,0
5398,547,233,0
5399,126,309,0
5400,588,232,0
5401,57,587,0
5402,458,354,0
5403,242,410,0
5404,569,655,0
5405,246,198,0
5406,550,571,0
5407,79,559,0
5408,684,117,0
5409,411,435,0
5410,284,434,0
5411,82,570,0
5412,587,436,0
5413,666,444,0
5414,532,400,0
5415,190,214,0
5416,458,675,0
5417,330,353,0
5418,271,6,0
5419,58,509,0
5420,21,661,0
5421,664,101,0
5422,325,676,0
5423,456,393,0
5424,650,82,0
5425,271,185,0
5426,199,634,0
5427,194,585,0
5428,623,701,0
5429,238,329,0
5430,209,268,0
5431,439,167,0
5432,567,165,0
5433,562,117,0
5434,293,247,0
5435,537,703,0
5436,62,230,0
5437,224,444,0
5438,588,545,0
5439,550,703,0
5440,92,703,0
5441,273,563,0
5442,650,409,0
5443,62,596,0
5444,692,477,0
5445,439,498,0
5446,375,249,0
5447,650,167,0
5448,498,425,0
5449,33,191,0
5450,259,45,0
5451,652,414,0
5452,59,161,0
5453,60,281,0
5454,48,327,0
5455,395,504,0
5456,668,518,0
5457,375,541,0
5458,299,563,0
5459,2,194,0
5460,550,203,0
5461,58,140,0
5462,406,464,0
5463,622,560,0
5464,149,435,0
5465,224,87,0
5466,426,191,0
5467,352,167,0
5468,650,612,0
5469,364,258,0
5470,62,552,0
5471,434,490,0
5472,21,680,0
5473,230,637,0
5474,8,403,0
5475,259,276,0
5476,364,493,0
5477,534,180,0
5478,211,320,0
5479,8,398,0
5480,620,682,0
5481,177,392,0
5482,230,194,0
5483,588,567,0
5484,59,626,0
5485,79,129,0
5486,259,600,0
5487,230,287,0
5488,224,258,0
5489,300,512,0
5490,533,450,0
5491,242,346,0
5492,680,311,0
5493,203,670,0
5494,271,535,0
5495,58,262,0
5496,620,127,0
5497,244,363,0
5498,481,78,0
5499,48,212,0
5500,614,232,0
5501,537,455,0
5502,562,90,0
5503,404,564,0
5504,48,1,0
5505,605,521,0
5506,72,615,0
5507,556,444,0
5508,497,204,0
5509,37,162,0
5510,599,451,0
5511,375,123,0
5512,425,264,0
5513,127,222,0
5514,668,135,0
5515,62,449,0
5516,409,141,0
5517,593,375,0
5518,624,584,0
5519,201,437,0
5520,459,593,0
5521,502,141,0
5522,271,610,0
5523,481,225,0
5524,70,234,0
5525,59,678,0
5526,516,693,0
5527,33,663,0
5528,92,113,0
5529,511,13,0
5530,550,32,0
5531,305,254,0
5532,82,106,0
5533,453,258,0
5534,614,382,0
5535,628,3,0
5536,668,253,0
5537,203,699,0
5538,119,314,0
5539,623,410,0
5540,524,264,0
5541,395,304,0
5542,620,312,0
5543,456,543,0
5544,406,408,0
5545,60,152,0
5546,666,671,0
5547,433,355,0
5548,282,262,0
5549,425,579,0
5550,287,60,0
5551,501,699,0
5552,245,464,0
5553,72,441,0
5554,245,178,0
5555,284,478,0
5556,8,363,0
5557,668,703,0
5558,620,327,0
5559,33,77,0
5560,21,577,0
5561,561,534,0
5562,92,517,0
5563,139,355,0
5564,62,418,0
5565,622,420,0
5566,477,689,0
5567,668,607,0
5568,72,508,0
5569,624,14,0
5570,666,623,0
5571,395,84,0
5572,70,58,0
5573,299,89,0
5574,273,445,0
5575,62,204,0
5576,177,495,0
5577,533,90,0
5578,301,592,0
5579,561,478,0
5580,311,633,0
5581,628,51,0
5582,8,478,0
5583,330,540,0
5584,284,482,0
5585,680,312,0
5586,194,586,0
5587,359,452,0
5588,300,91,0
5589,433,569,0
5590,21,194,0
5591,203,587,0
5592,692,661,0
5593,190,130,0
5594,508,602,0
5595,477,475,0
5596,588,292,0
5597,149,687,0
5598,369,492,0
5599,359,481,0
5600,48,27,0
5601,508,333,0
5602,2,134,0
5603,439,261,0
5604,498,340,0
5605,106,524,0
5606,456,181,0
5607,79,364,0
5608,106,295,0
5609,589,659,0
5610,498,399,0
5611,599,176,0
5612,642,94,0
5613,33,619,0
